ISO-10303-21;
HEADER;
/* Generated by software containing ST-Developer
 * from STEP Tools, Inc. (www.steptools.com) 
 */

FILE_DESCRIPTION(
/* description */ (''),
/* implementation_level */ '2;1');

FILE_NAME(
/* name */ 'headstock_guide.step',
/* time_stamp */ '2026-08-21T21:14:39+01:00',
/* author */ (''),
/* organization */ (''),
/* preprocessor_version */ 'ST-DEVELOPER v20.1',
/* originating_system */ 'Autodesk Translation Framework v15.8.0.0',
/* authorisation */ '');

FILE_SCHEMA (('AUTOMOTIVE_DESIGN { 1 0 10303 214 3 1 1 }'));
ENDSEC;

DATA;
#10=MECHANICAL_DESIGN_GEOMETRIC_PRESENTATION_REPRESENTATION('',(#13),#3036);
#11=SHAPE_REPRESENTATION_RELATIONSHIP('SRR','None',#3043,#12);
#12=ADVANCED_BREP_SHAPE_REPRESENTATION('',(#14),#3035);
#13=STYLED_ITEM('',(#3052),#14);
#14=MANIFOLD_SOLID_BREP('Body3',#1792);
#15=CYLINDRICAL_SURFACE('',#1854,2.5);
#16=CYLINDRICAL_SURFACE('',#1856,2.99999999999997);
#17=CYLINDRICAL_SURFACE('',#1858,2.99999999999997);
#18=CYLINDRICAL_SURFACE('',#1860,2.5);
#19=CYLINDRICAL_SURFACE('',#1862,2.99999999999997);
#20=CYLINDRICAL_SURFACE('',#1864,2.5);
#21=CYLINDRICAL_SURFACE('',#1866,2.5);
#22=CYLINDRICAL_SURFACE('',#1868,2.5);
#23=CYLINDRICAL_SURFACE('',#1870,2.5);
#24=CYLINDRICAL_SURFACE('',#1872,2.5);
#25=CYLINDRICAL_SURFACE('',#1874,3.00000000000004);
#26=CYLINDRICAL_SURFACE('',#1876,2.99999999999997);
#27=CYLINDRICAL_SURFACE('',#1878,2.5);
#28=CYLINDRICAL_SURFACE('',#1880,2.5);
#29=CYLINDRICAL_SURFACE('',#1882,2.5);
#30=CYLINDRICAL_SURFACE('',#1884,2.5);
#31=CYLINDRICAL_SURFACE('',#1886,2.5);
#32=CYLINDRICAL_SURFACE('',#1888,3.00000000000004);
#33=CYLINDRICAL_SURFACE('',#1901,2.5);
#34=CYLINDRICAL_SURFACE('',#1908,2.5);
#35=CYLINDRICAL_SURFACE('',#1914,2.5);
#36=CYLINDRICAL_SURFACE('',#1918,2.5);
#37=CYLINDRICAL_SURFACE('',#1921,2.5);
#38=CYLINDRICAL_SURFACE('',#1925,2.5);
#39=CYLINDRICAL_SURFACE('',#1928,2.5);
#40=CYLINDRICAL_SURFACE('',#1931,2.5);
#41=CYLINDRICAL_SURFACE('',#1934,2.5);
#42=CYLINDRICAL_SURFACE('',#1937,2.5);
#43=CYLINDRICAL_SURFACE('',#1940,2.5);
#44=CYLINDRICAL_SURFACE('',#1943,2.5);
#45=CYLINDRICAL_SURFACE('',#1946,2.5);
#46=CYLINDRICAL_SURFACE('',#1949,2.5);
#47=CYLINDRICAL_SURFACE('',#1952,2.5);
#48=CYLINDRICAL_SURFACE('',#1955,2.5);
#49=CYLINDRICAL_SURFACE('',#1958,2.5);
#50=CYLINDRICAL_SURFACE('',#1961,2.5);
#51=CYLINDRICAL_SURFACE('',#1965,2.5);
#52=CYLINDRICAL_SURFACE('',#1969,2.5);
#53=CYLINDRICAL_SURFACE('',#1973,2.5);
#54=CYLINDRICAL_SURFACE('',#1977,2.5);
#55=CYLINDRICAL_SURFACE('',#1981,2.5);
#56=CYLINDRICAL_SURFACE('',#1986,2.5);
#57=CYLINDRICAL_SURFACE('',#1990,2.5);
#58=FACE_BOUND('',#198,.T.);
#59=FACE_BOUND('',#199,.T.);
#60=FACE_BOUND('',#200,.T.);
#61=FACE_BOUND('',#201,.T.);
#62=FACE_BOUND('',#202,.T.);
#63=FACE_BOUND('',#203,.T.);
#64=FACE_BOUND('',#204,.T.);
#65=FACE_BOUND('',#205,.T.);
#66=FACE_BOUND('',#206,.T.);
#67=FACE_BOUND('',#207,.T.);
#68=FACE_BOUND('',#208,.T.);
#69=FACE_BOUND('',#209,.T.);
#70=FACE_BOUND('',#210,.T.);
#71=FACE_BOUND('',#211,.T.);
#72=FACE_BOUND('',#212,.T.);
#73=FACE_BOUND('',#213,.T.);
#74=FACE_BOUND('',#214,.T.);
#75=FACE_BOUND('',#215,.T.);
#76=FACE_BOUND('',#285,.T.);
#77=FACE_BOUND('',#286,.T.);
#78=FACE_BOUND('',#287,.T.);
#79=FACE_BOUND('',#288,.T.);
#80=FACE_BOUND('',#289,.T.);
#81=FACE_BOUND('',#290,.T.);
#82=FACE_BOUND('',#291,.T.);
#83=FACE_BOUND('',#292,.T.);
#84=FACE_BOUND('',#293,.T.);
#85=FACE_BOUND('',#294,.T.);
#86=FACE_BOUND('',#295,.T.);
#87=FACE_BOUND('',#296,.T.);
#88=FACE_BOUND('',#297,.T.);
#89=FACE_BOUND('',#298,.T.);
#90=FACE_BOUND('',#299,.T.);
#91=FACE_BOUND('',#300,.T.);
#92=FACE_BOUND('',#301,.T.);
#93=FACE_BOUND('',#302,.T.);
#94=FACE_BOUND('',#303,.T.);
#95=FACE_BOUND('',#304,.T.);
#96=FACE_BOUND('',#305,.T.);
#97=FACE_BOUND('',#306,.T.);
#98=FACE_BOUND('',#307,.T.);
#99=FACE_BOUND('',#308,.T.);
#100=FACE_BOUND('',#309,.T.);
#101=FACE_BOUND('',#310,.T.);
#102=FACE_BOUND('',#311,.T.);
#103=FACE_BOUND('',#312,.T.);
#104=FACE_BOUND('',#313,.T.);
#105=FACE_BOUND('',#314,.T.);
#106=FACE_BOUND('',#315,.T.);
#107=FACE_BOUND('',#316,.T.);
#108=FACE_BOUND('',#317,.T.);
#109=FACE_BOUND('',#318,.T.);
#110=FACE_BOUND('',#319,.T.);
#111=FACE_BOUND('',#320,.T.);
#112=FACE_BOUND('',#321,.T.);
#113=FACE_BOUND('',#322,.T.);
#114=FACE_BOUND('',#323,.T.);
#115=FACE_BOUND('',#324,.T.);
#116=FACE_BOUND('',#325,.T.);
#117=FACE_BOUND('',#326,.T.);
#118=FACE_BOUND('',#327,.T.);
#119=FACE_BOUND('',#329,.T.);
#120=FACE_BOUND('',#330,.T.);
#121=FACE_BOUND('',#331,.T.);
#122=FACE_BOUND('',#332,.T.);
#123=FACE_BOUND('',#333,.T.);
#124=FACE_BOUND('',#334,.T.);
#125=FACE_BOUND('',#335,.T.);
#126=FACE_OUTER_BOUND('',#197,.T.);
#127=FACE_OUTER_BOUND('',#216,.T.);
#128=FACE_OUTER_BOUND('',#217,.T.);
#129=FACE_OUTER_BOUND('',#218,.T.);
#130=FACE_OUTER_BOUND('',#219,.T.);
#131=FACE_OUTER_BOUND('',#220,.T.);
#132=FACE_OUTER_BOUND('',#221,.T.);
#133=FACE_OUTER_BOUND('',#222,.T.);
#134=FACE_OUTER_BOUND('',#223,.T.);
#135=FACE_OUTER_BOUND('',#224,.T.);
#136=FACE_OUTER_BOUND('',#225,.T.);
#137=FACE_OUTER_BOUND('',#226,.T.);
#138=FACE_OUTER_BOUND('',#227,.T.);
#139=FACE_OUTER_BOUND('',#228,.T.);
#140=FACE_OUTER_BOUND('',#229,.T.);
#141=FACE_OUTER_BOUND('',#230,.T.);
#142=FACE_OUTER_BOUND('',#231,.T.);
#143=FACE_OUTER_BOUND('',#232,.T.);
#144=FACE_OUTER_BOUND('',#233,.T.);
#145=FACE_OUTER_BOUND('',#234,.T.);
#146=FACE_OUTER_BOUND('',#235,.T.);
#147=FACE_OUTER_BOUND('',#236,.T.);
#148=FACE_OUTER_BOUND('',#237,.T.);
#149=FACE_OUTER_BOUND('',#238,.T.);
#150=FACE_OUTER_BOUND('',#239,.T.);
#151=FACE_OUTER_BOUND('',#240,.T.);
#152=FACE_OUTER_BOUND('',#241,.T.);
#153=FACE_OUTER_BOUND('',#242,.T.);
#154=FACE_OUTER_BOUND('',#243,.T.);
#155=FACE_OUTER_BOUND('',#244,.T.);
#156=FACE_OUTER_BOUND('',#245,.T.);
#157=FACE_OUTER_BOUND('',#246,.T.);
#158=FACE_OUTER_BOUND('',#247,.T.);
#159=FACE_OUTER_BOUND('',#248,.T.);
#160=FACE_OUTER_BOUND('',#249,.T.);
#161=FACE_OUTER_BOUND('',#250,.T.);
#162=FACE_OUTER_BOUND('',#251,.T.);
#163=FACE_OUTER_BOUND('',#252,.T.);
#164=FACE_OUTER_BOUND('',#253,.T.);
#165=FACE_OUTER_BOUND('',#254,.T.);
#166=FACE_OUTER_BOUND('',#255,.T.);
#167=FACE_OUTER_BOUND('',#256,.T.);
#168=FACE_OUTER_BOUND('',#257,.T.);
#169=FACE_OUTER_BOUND('',#258,.T.);
#170=FACE_OUTER_BOUND('',#259,.T.);
#171=FACE_OUTER_BOUND('',#260,.T.);
#172=FACE_OUTER_BOUND('',#261,.T.);
#173=FACE_OUTER_BOUND('',#262,.T.);
#174=FACE_OUTER_BOUND('',#263,.T.);
#175=FACE_OUTER_BOUND('',#264,.T.);
#176=FACE_OUTER_BOUND('',#265,.T.);
#177=FACE_OUTER_BOUND('',#266,.T.);
#178=FACE_OUTER_BOUND('',#267,.T.);
#179=FACE_OUTER_BOUND('',#268,.T.);
#180=FACE_OUTER_BOUND('',#269,.T.);
#181=FACE_OUTER_BOUND('',#270,.T.);
#182=FACE_OUTER_BOUND('',#271,.T.);
#183=FACE_OUTER_BOUND('',#272,.T.);
#184=FACE_OUTER_BOUND('',#273,.T.);
#185=FACE_OUTER_BOUND('',#274,.T.);
#186=FACE_OUTER_BOUND('',#275,.T.);
#187=FACE_OUTER_BOUND('',#276,.T.);
#188=FACE_OUTER_BOUND('',#277,.T.);
#189=FACE_OUTER_BOUND('',#278,.T.);
#190=FACE_OUTER_BOUND('',#279,.T.);
#191=FACE_OUTER_BOUND('',#280,.T.);
#192=FACE_OUTER_BOUND('',#281,.T.);
#193=FACE_OUTER_BOUND('',#282,.T.);
#194=FACE_OUTER_BOUND('',#283,.T.);
#195=FACE_OUTER_BOUND('',#284,.T.);
#196=FACE_OUTER_BOUND('',#328,.T.);
#197=EDGE_LOOP('',(#1171,#1172,#1173,#1174,#1175,#1176,#1177,#1178,#1179,
#1180,#1181,#1182,#1183,#1184,#1185,#1186,#1187,#1188,#1189,#1190,#1191,
#1192,#1193,#1194,#1195,#1196,#1197,#1198,#1199,#1200,#1201,#1202,#1203,
#1204,#1205,#1206,#1207,#1208,#1209,#1210,#1211,#1212,#1213,#1214,#1215,
#1216,#1217,#1218,#1219,#1220,#1221));
#198=EDGE_LOOP('',(#1222));
#199=EDGE_LOOP('',(#1223));
#200=EDGE_LOOP('',(#1224));
#201=EDGE_LOOP('',(#1225));
#202=EDGE_LOOP('',(#1226));
#203=EDGE_LOOP('',(#1227));
#204=EDGE_LOOP('',(#1228));
#205=EDGE_LOOP('',(#1229));
#206=EDGE_LOOP('',(#1230));
#207=EDGE_LOOP('',(#1231));
#208=EDGE_LOOP('',(#1232));
#209=EDGE_LOOP('',(#1233));
#210=EDGE_LOOP('',(#1234));
#211=EDGE_LOOP('',(#1235));
#212=EDGE_LOOP('',(#1236));
#213=EDGE_LOOP('',(#1237));
#214=EDGE_LOOP('',(#1238));
#215=EDGE_LOOP('',(#1239));
#216=EDGE_LOOP('',(#1240,#1241,#1242,#1243));
#217=EDGE_LOOP('',(#1244,#1245,#1246,#1247));
#218=EDGE_LOOP('',(#1248,#1249,#1250,#1251));
#219=EDGE_LOOP('',(#1252,#1253,#1254,#1255));
#220=EDGE_LOOP('',(#1256,#1257,#1258,#1259));
#221=EDGE_LOOP('',(#1260,#1261,#1262,#1263));
#222=EDGE_LOOP('',(#1264,#1265,#1266,#1267));
#223=EDGE_LOOP('',(#1268,#1269,#1270,#1271));
#224=EDGE_LOOP('',(#1272,#1273,#1274,#1275));
#225=EDGE_LOOP('',(#1276,#1277,#1278,#1279));
#226=EDGE_LOOP('',(#1280,#1281,#1282,#1283));
#227=EDGE_LOOP('',(#1284,#1285,#1286,#1287));
#228=EDGE_LOOP('',(#1288,#1289,#1290,#1291));
#229=EDGE_LOOP('',(#1292,#1293,#1294,#1295));
#230=EDGE_LOOP('',(#1296,#1297,#1298,#1299));
#231=EDGE_LOOP('',(#1300,#1301,#1302,#1303));
#232=EDGE_LOOP('',(#1304,#1305,#1306,#1307));
#233=EDGE_LOOP('',(#1308,#1309,#1310,#1311));
#234=EDGE_LOOP('',(#1312,#1313,#1314,#1315));
#235=EDGE_LOOP('',(#1316,#1317,#1318,#1319));
#236=EDGE_LOOP('',(#1320,#1321,#1322,#1323));
#237=EDGE_LOOP('',(#1324,#1325,#1326,#1327));
#238=EDGE_LOOP('',(#1328,#1329,#1330,#1331));
#239=EDGE_LOOP('',(#1332,#1333,#1334,#1335));
#240=EDGE_LOOP('',(#1336,#1337,#1338,#1339));
#241=EDGE_LOOP('',(#1340,#1341,#1342,#1343));
#242=EDGE_LOOP('',(#1344,#1345,#1346,#1347));
#243=EDGE_LOOP('',(#1348,#1349,#1350,#1351));
#244=EDGE_LOOP('',(#1352,#1353,#1354,#1355));
#245=EDGE_LOOP('',(#1356,#1357,#1358,#1359,#1360,#1361,#1362,#1363));
#246=EDGE_LOOP('',(#1364,#1365,#1366,#1367));
#247=EDGE_LOOP('',(#1368,#1369,#1370,#1371));
#248=EDGE_LOOP('',(#1372,#1373,#1374,#1375));
#249=EDGE_LOOP('',(#1376,#1377,#1378,#1379));
#250=EDGE_LOOP('',(#1380,#1381,#1382,#1383));
#251=EDGE_LOOP('',(#1384,#1385,#1386,#1387));
#252=EDGE_LOOP('',(#1388,#1389,#1390,#1391));
#253=EDGE_LOOP('',(#1392,#1393,#1394,#1395));
#254=EDGE_LOOP('',(#1396,#1397,#1398,#1399,#1400,#1401,#1402,#1403));
#255=EDGE_LOOP('',(#1404,#1405,#1406,#1407));
#256=EDGE_LOOP('',(#1408,#1409,#1410,#1411));
#257=EDGE_LOOP('',(#1412,#1413,#1414,#1415));
#258=EDGE_LOOP('',(#1416,#1417,#1418,#1419));
#259=EDGE_LOOP('',(#1420,#1421,#1422,#1423));
#260=EDGE_LOOP('',(#1424,#1425,#1426,#1427));
#261=EDGE_LOOP('',(#1428,#1429,#1430,#1431));
#262=EDGE_LOOP('',(#1432,#1433,#1434,#1435));
#263=EDGE_LOOP('',(#1436,#1437,#1438,#1439,#1440,#1441,#1442,#1443));
#264=EDGE_LOOP('',(#1444,#1445,#1446,#1447,#1448,#1449,#1450,#1451));
#265=EDGE_LOOP('',(#1452,#1453,#1454,#1455,#1456,#1457,#1458,#1459));
#266=EDGE_LOOP('',(#1460,#1461,#1462,#1463,#1464,#1465,#1466,#1467));
#267=EDGE_LOOP('',(#1468,#1469,#1470,#1471,#1472,#1473,#1474,#1475));
#268=EDGE_LOOP('',(#1476,#1477,#1478,#1479,#1480,#1481,#1482,#1483));
#269=EDGE_LOOP('',(#1484,#1485,#1486,#1487,#1488,#1489,#1490,#1491));
#270=EDGE_LOOP('',(#1492,#1493,#1494,#1495,#1496,#1497,#1498,#1499));
#271=EDGE_LOOP('',(#1500,#1501,#1502,#1503,#1504,#1505,#1506,#1507));
#272=EDGE_LOOP('',(#1508,#1509,#1510,#1511,#1512,#1513,#1514,#1515));
#273=EDGE_LOOP('',(#1516,#1517,#1518,#1519,#1520,#1521,#1522,#1523));
#274=EDGE_LOOP('',(#1524,#1525,#1526,#1527,#1528,#1529,#1530,#1531));
#275=EDGE_LOOP('',(#1532,#1533,#1534,#1535,#1536,#1537,#1538,#1539));
#276=EDGE_LOOP('',(#1540,#1541,#1542,#1543,#1544,#1545,#1546,#1547));
#277=EDGE_LOOP('',(#1548,#1549,#1550,#1551));
#278=EDGE_LOOP('',(#1552,#1553,#1554,#1555,#1556,#1557,#1558,#1559));
#279=EDGE_LOOP('',(#1560,#1561,#1562,#1563,#1564,#1565,#1566,#1567));
#280=EDGE_LOOP('',(#1568,#1569,#1570,#1571,#1572,#1573,#1574,#1575));
#281=EDGE_LOOP('',(#1576,#1577,#1578,#1579));
#282=EDGE_LOOP('',(#1580,#1581,#1582,#1583));
#283=EDGE_LOOP('',(#1584,#1585,#1586,#1587));
#284=EDGE_LOOP('',(#1588,#1589,#1590,#1591));
#285=EDGE_LOOP('',(#1592));
#286=EDGE_LOOP('',(#1593));
#287=EDGE_LOOP('',(#1594));
#288=EDGE_LOOP('',(#1595));
#289=EDGE_LOOP('',(#1596));
#290=EDGE_LOOP('',(#1597));
#291=EDGE_LOOP('',(#1598));
#292=EDGE_LOOP('',(#1599));
#293=EDGE_LOOP('',(#1600));
#294=EDGE_LOOP('',(#1601));
#295=EDGE_LOOP('',(#1602));
#296=EDGE_LOOP('',(#1603));
#297=EDGE_LOOP('',(#1604));
#298=EDGE_LOOP('',(#1605));
#299=EDGE_LOOP('',(#1606));
#300=EDGE_LOOP('',(#1607));
#301=EDGE_LOOP('',(#1608));
#302=EDGE_LOOP('',(#1609));
#303=EDGE_LOOP('',(#1610));
#304=EDGE_LOOP('',(#1611));
#305=EDGE_LOOP('',(#1612));
#306=EDGE_LOOP('',(#1613));
#307=EDGE_LOOP('',(#1614));
#308=EDGE_LOOP('',(#1615));
#309=EDGE_LOOP('',(#1616));
#310=EDGE_LOOP('',(#1617));
#311=EDGE_LOOP('',(#1618));
#312=EDGE_LOOP('',(#1619));
#313=EDGE_LOOP('',(#1620));
#314=EDGE_LOOP('',(#1621));
#315=EDGE_LOOP('',(#1622));
#316=EDGE_LOOP('',(#1623));
#317=EDGE_LOOP('',(#1624));
#318=EDGE_LOOP('',(#1625));
#319=EDGE_LOOP('',(#1626));
#320=EDGE_LOOP('',(#1627));
#321=EDGE_LOOP('',(#1628));
#322=EDGE_LOOP('',(#1629));
#323=EDGE_LOOP('',(#1630));
#324=EDGE_LOOP('',(#1631));
#325=EDGE_LOOP('',(#1632));
#326=EDGE_LOOP('',(#1633));
#327=EDGE_LOOP('',(#1634));
#328=EDGE_LOOP('',(#1635,#1636,#1637,#1638,#1639,#1640,#1641,#1642,#1643,
#1644,#1645,#1646,#1647,#1648,#1649,#1650,#1651,#1652,#1653,#1654,#1655,
#1656,#1657,#1658,#1659,#1660,#1661,#1662,#1663,#1664,#1665,#1666,#1667,
#1668,#1669,#1670,#1671,#1672,#1673,#1674,#1675,#1676,#1677,#1678,#1679,
#1680,#1681,#1682,#1683,#1684,#1685));
#329=EDGE_LOOP('',(#1686));
#330=EDGE_LOOP('',(#1687));
#331=EDGE_LOOP('',(#1688));
#332=EDGE_LOOP('',(#1689));
#333=EDGE_LOOP('',(#1690));
#334=EDGE_LOOP('',(#1691));
#335=EDGE_LOOP('',(#1692));
#336=CIRCLE('',#1807,2.5);
#337=CIRCLE('',#1808,2.5);
#338=CIRCLE('',#1809,2.5);
#339=CIRCLE('',#1810,2.5);
#340=CIRCLE('',#1811,2.5);
#341=CIRCLE('',#1812,2.5);
#342=CIRCLE('',#1813,2.5);
#343=CIRCLE('',#1814,2.5);
#344=CIRCLE('',#1815,2.5);
#345=CIRCLE('',#1816,2.5);
#346=CIRCLE('',#1817,2.5);
#347=CIRCLE('',#1818,2.5);
#348=CIRCLE('',#1819,2.5);
#349=CIRCLE('',#1820,2.5);
#350=CIRCLE('',#1821,2.5);
#351=CIRCLE('',#1822,2.5);
#352=CIRCLE('',#1823,2.5);
#353=CIRCLE('',#1824,2.5);
#354=CIRCLE('',#1825,2.5);
#355=CIRCLE('',#1826,2.5);
#356=CIRCLE('',#1827,2.5);
#357=CIRCLE('',#1828,2.5);
#358=CIRCLE('',#1829,2.5);
#359=CIRCLE('',#1830,2.5);
#360=CIRCLE('',#1831,2.5);
#361=CIRCLE('',#1832,2.5);
#362=CIRCLE('',#1833,2.5);
#363=CIRCLE('',#1834,2.5);
#364=CIRCLE('',#1835,2.5);
#365=CIRCLE('',#1836,2.5);
#366=CIRCLE('',#1837,2.99999999999997);
#367=CIRCLE('',#1838,2.99999999999997);
#368=CIRCLE('',#1839,2.5);
#369=CIRCLE('',#1840,2.99999999999997);
#370=CIRCLE('',#1841,2.5);
#371=CIRCLE('',#1842,2.5);
#372=CIRCLE('',#1843,2.5);
#373=CIRCLE('',#1844,2.5);
#374=CIRCLE('',#1845,2.5);
#375=CIRCLE('',#1846,3.00000000000004);
#376=CIRCLE('',#1847,2.99999999999997);
#377=CIRCLE('',#1848,2.5);
#378=CIRCLE('',#1849,2.5);
#379=CIRCLE('',#1850,2.5);
#380=CIRCLE('',#1851,2.5);
#381=CIRCLE('',#1852,2.5);
#382=CIRCLE('',#1853,3.00000000000004);
#383=CIRCLE('',#1855,2.5);
#384=CIRCLE('',#1857,2.99999999999997);
#385=CIRCLE('',#1859,2.99999999999997);
#386=CIRCLE('',#1861,2.5);
#387=CIRCLE('',#1863,2.99999999999997);
#388=CIRCLE('',#1865,2.5);
#389=CIRCLE('',#1867,2.5);
#390=CIRCLE('',#1869,2.5);
#391=CIRCLE('',#1871,2.5);
#392=CIRCLE('',#1873,2.5);
#393=CIRCLE('',#1875,3.00000000000004);
#394=CIRCLE('',#1877,2.99999999999997);
#395=CIRCLE('',#1879,2.5);
#396=CIRCLE('',#1881,2.5);
#397=CIRCLE('',#1883,2.5);
#398=CIRCLE('',#1885,2.5);
#399=CIRCLE('',#1887,2.5);
#400=CIRCLE('',#1889,3.00000000000004);
#401=CIRCLE('',#1902,2.5);
#402=CIRCLE('',#1903,2.5);
#403=CIRCLE('',#1909,2.5);
#404=CIRCLE('',#1910,2.5);
#405=CIRCLE('',#1915,2.5);
#406=CIRCLE('',#1916,2.5);
#407=CIRCLE('',#1919,2.5);
#408=CIRCLE('',#1920,2.5);
#409=CIRCLE('',#1922,2.5);
#410=CIRCLE('',#1923,2.5);
#411=CIRCLE('',#1926,2.5);
#412=CIRCLE('',#1927,2.5);
#413=CIRCLE('',#1929,2.5);
#414=CIRCLE('',#1930,2.5);
#415=CIRCLE('',#1932,2.5);
#416=CIRCLE('',#1933,2.5);
#417=CIRCLE('',#1935,2.5);
#418=CIRCLE('',#1936,2.5);
#419=CIRCLE('',#1938,2.5);
#420=CIRCLE('',#1939,2.5);
#421=CIRCLE('',#1941,2.5);
#422=CIRCLE('',#1942,2.5);
#423=CIRCLE('',#1944,2.5);
#424=CIRCLE('',#1945,2.5);
#425=CIRCLE('',#1947,2.5);
#426=CIRCLE('',#1948,2.5);
#427=CIRCLE('',#1950,2.5);
#428=CIRCLE('',#1951,2.5);
#429=CIRCLE('',#1953,2.5);
#430=CIRCLE('',#1954,2.5);
#431=CIRCLE('',#1956,2.5);
#432=CIRCLE('',#1957,2.5);
#433=CIRCLE('',#1959,2.5);
#434=CIRCLE('',#1960,2.5);
#435=CIRCLE('',#1962,2.5);
#436=CIRCLE('',#1963,2.5);
#437=CIRCLE('',#1964,2.5);
#438=CIRCLE('',#1966,2.5);
#439=CIRCLE('',#1967,2.5);
#440=CIRCLE('',#1968,2.5);
#441=CIRCLE('',#1970,2.5);
#442=CIRCLE('',#1971,2.5);
#443=CIRCLE('',#1972,2.5);
#444=CIRCLE('',#1974,2.5);
#445=CIRCLE('',#1975,2.5);
#446=CIRCLE('',#1976,2.5);
#447=CIRCLE('',#1978,2.5);
#448=CIRCLE('',#1979,2.5);
#449=CIRCLE('',#1980,2.5);
#450=CIRCLE('',#1982,2.5);
#451=CIRCLE('',#1983,2.5);
#452=CIRCLE('',#1984,2.5);
#453=CIRCLE('',#1987,2.5);
#454=CIRCLE('',#1988,2.5);
#455=CIRCLE('',#1989,2.5);
#456=CIRCLE('',#1991,2.5);
#457=CIRCLE('',#1992,2.5);
#458=LINE('',#2530,#597);
#459=LINE('',#2536,#598);
#460=LINE('',#2542,#599);
#461=LINE('',#2548,#600);
#462=LINE('',#2554,#601);
#463=LINE('',#2560,#602);
#464=LINE('',#2566,#603);
#465=LINE('',#2572,#604);
#466=LINE('',#2578,#605);
#467=LINE('',#2584,#606);
#468=LINE('',#2586,#607);
#469=LINE('',#2588,#608);
#470=LINE('',#2594,#609);
#471=LINE('',#2598,#610);
#472=LINE('',#2602,#611);
#473=LINE('',#2606,#612);
#474=LINE('',#2612,#613);
#475=LINE('',#2614,#614);
#476=LINE('',#2616,#615);
#477=LINE('',#2620,#616);
#478=LINE('',#2624,#617);
#479=LINE('',#2628,#618);
#480=LINE('',#2668,#619);
#481=LINE('',#2672,#620);
#482=LINE('',#2676,#621);
#483=LINE('',#2680,#622);
#484=LINE('',#2684,#623);
#485=LINE('',#2688,#624);
#486=LINE('',#2692,#625);
#487=LINE('',#2696,#626);
#488=LINE('',#2700,#627);
#489=LINE('',#2704,#628);
#490=LINE('',#2708,#629);
#491=LINE('',#2712,#630);
#492=LINE('',#2716,#631);
#493=LINE('',#2720,#632);
#494=LINE('',#2724,#633);
#495=LINE('',#2728,#634);
#496=LINE('',#2732,#635);
#497=LINE('',#2736,#636);
#498=LINE('',#2740,#637);
#499=LINE('',#2742,#638);
#500=LINE('',#2743,#639);
#501=LINE('',#2746,#640);
#502=LINE('',#2748,#641);
#503=LINE('',#2749,#642);
#504=LINE('',#2752,#643);
#505=LINE('',#2754,#644);
#506=LINE('',#2755,#645);
#507=LINE('',#2758,#646);
#508=LINE('',#2760,#647);
#509=LINE('',#2761,#648);
#510=LINE('',#2764,#649);
#511=LINE('',#2766,#650);
#512=LINE('',#2767,#651);
#513=LINE('',#2770,#652);
#514=LINE('',#2772,#653);
#515=LINE('',#2773,#654);
#516=LINE('',#2776,#655);
#517=LINE('',#2778,#656);
#518=LINE('',#2779,#657);
#519=LINE('',#2782,#658);
#520=LINE('',#2784,#659);
#521=LINE('',#2785,#660);
#522=LINE('',#2788,#661);
#523=LINE('',#2790,#662);
#524=LINE('',#2791,#663);
#525=LINE('',#2794,#664);
#526=LINE('',#2796,#665);
#527=LINE('',#2797,#666);
#528=LINE('',#2800,#667);
#529=LINE('',#2802,#668);
#530=LINE('',#2803,#669);
#531=LINE('',#2807,#670);
#532=LINE('',#2809,#671);
#533=LINE('',#2813,#672);
#534=LINE('',#2814,#673);
#535=LINE('',#2817,#674);
#536=LINE('',#2819,#675);
#537=LINE('',#2820,#676);
#538=LINE('',#2823,#677);
#539=LINE('',#2825,#678);
#540=LINE('',#2826,#679);
#541=LINE('',#2829,#680);
#542=LINE('',#2831,#681);
#543=LINE('',#2832,#682);
#544=LINE('',#2837,#683);
#545=LINE('',#2841,#684);
#546=LINE('',#2843,#685);
#547=LINE('',#2844,#686);
#548=LINE('',#2847,#687);
#549=LINE('',#2848,#688);
#550=LINE('',#2851,#689);
#551=LINE('',#2852,#690);
#552=LINE('',#2856,#691);
#553=LINE('',#2858,#692);
#554=LINE('',#2862,#693);
#555=LINE('',#2863,#694);
#556=LINE('',#2868,#695);
#557=LINE('',#2874,#696);
#558=LINE('',#2878,#697);
#559=LINE('',#2880,#698);
#560=LINE('',#2881,#699);
#561=LINE('',#2886,#700);
#562=LINE('',#2892,#701);
#563=LINE('',#2898,#702);
#564=LINE('',#2904,#703);
#565=LINE('',#2909,#704);
#566=LINE('',#2914,#705);
#567=LINE('',#2919,#706);
#568=LINE('',#2924,#707);
#569=LINE('',#2929,#708);
#570=LINE('',#2934,#709);
#571=LINE('',#2939,#710);
#572=LINE('',#2944,#711);
#573=LINE('',#2950,#712);
#574=LINE('',#2957,#713);
#575=LINE('',#2964,#714);
#576=LINE('',#2971,#715);
#577=LINE('',#2978,#716);
#578=LINE('',#2985,#717);
#579=LINE('',#2988,#718);
#580=LINE('',#2992,#719);
#581=LINE('',#2993,#720);
#582=LINE('',#2998,#721);
#583=LINE('',#3004,#722);
#584=LINE('',#3008,#723);
#585=LINE('',#3010,#724);
#586=LINE('',#3012,#725);
#587=LINE('',#3014,#726);
#588=LINE('',#3015,#727);
#589=LINE('',#3018,#728);
#590=LINE('',#3020,#729);
#591=LINE('',#3021,#730);
#592=LINE('',#3024,#731);
#593=LINE('',#3026,#732);
#594=LINE('',#3027,#733);
#595=LINE('',#3029,#734);
#596=LINE('',#3030,#735);
#597=VECTOR('',#2003,10.);
#598=VECTOR('',#2008,10.);
#599=VECTOR('',#2013,10.);
#600=VECTOR('',#2018,10.);
#601=VECTOR('',#2023,10.);
#602=VECTOR('',#2028,10.);
#603=VECTOR('',#2033,10.);
#604=VECTOR('',#2038,10.);
#605=VECTOR('',#2043,10.);
#606=VECTOR('',#2048,10.);
#607=VECTOR('',#2049,10.);
#608=VECTOR('',#2050,10.);
#609=VECTOR('',#2055,10.);
#610=VECTOR('',#2058,10.);
#611=VECTOR('',#2061,10.);
#612=VECTOR('',#2064,10.);
#613=VECTOR('',#2069,10.);
#614=VECTOR('',#2070,10.);
#615=VECTOR('',#2071,10.);
#616=VECTOR('',#2074,10.);
#617=VECTOR('',#2077,10.);
#618=VECTOR('',#2080,10.);
#619=VECTOR('',#2121,2.5);
#620=VECTOR('',#2126,2.99999999999997);
#621=VECTOR('',#2131,2.99999999999997);
#622=VECTOR('',#2136,2.5);
#623=VECTOR('',#2141,2.99999999999997);
#624=VECTOR('',#2146,2.5);
#625=VECTOR('',#2151,2.5);
#626=VECTOR('',#2156,2.5);
#627=VECTOR('',#2161,2.5);
#628=VECTOR('',#2166,2.5);
#629=VECTOR('',#2171,3.00000000000004);
#630=VECTOR('',#2176,2.99999999999997);
#631=VECTOR('',#2181,2.5);
#632=VECTOR('',#2186,2.5);
#633=VECTOR('',#2191,2.5);
#634=VECTOR('',#2196,2.5);
#635=VECTOR('',#2201,2.5);
#636=VECTOR('',#2206,3.00000000000004);
#637=VECTOR('',#2211,10.);
#638=VECTOR('',#2212,10.);
#639=VECTOR('',#2213,10.);
#640=VECTOR('',#2216,10.);
#641=VECTOR('',#2217,10.);
#642=VECTOR('',#2218,10.);
#643=VECTOR('',#2221,10.);
#644=VECTOR('',#2222,10.);
#645=VECTOR('',#2223,10.);
#646=VECTOR('',#2226,10.);
#647=VECTOR('',#2227,10.);
#648=VECTOR('',#2228,10.);
#649=VECTOR('',#2231,10.);
#650=VECTOR('',#2232,10.);
#651=VECTOR('',#2233,10.);
#652=VECTOR('',#2236,10.);
#653=VECTOR('',#2237,10.);
#654=VECTOR('',#2238,10.);
#655=VECTOR('',#2241,10.);
#656=VECTOR('',#2242,10.);
#657=VECTOR('',#2243,10.);
#658=VECTOR('',#2246,10.);
#659=VECTOR('',#2247,10.);
#660=VECTOR('',#2248,10.);
#661=VECTOR('',#2251,10.);
#662=VECTOR('',#2252,10.);
#663=VECTOR('',#2253,10.);
#664=VECTOR('',#2256,10.);
#665=VECTOR('',#2257,10.);
#666=VECTOR('',#2258,10.);
#667=VECTOR('',#2261,10.);
#668=VECTOR('',#2262,10.);
#669=VECTOR('',#2263,10.);
#670=VECTOR('',#2268,2.5);
#671=VECTOR('',#2269,10.);
#672=VECTOR('',#2274,10.);
#673=VECTOR('',#2275,10.);
#674=VECTOR('',#2278,10.);
#675=VECTOR('',#2279,10.);
#676=VECTOR('',#2280,10.);
#677=VECTOR('',#2283,10.);
#678=VECTOR('',#2284,10.);
#679=VECTOR('',#2285,10.);
#680=VECTOR('',#2288,10.);
#681=VECTOR('',#2289,10.);
#682=VECTOR('',#2290,10.);
#683=VECTOR('',#2295,2.5);
#684=VECTOR('',#2300,10.);
#685=VECTOR('',#2301,10.);
#686=VECTOR('',#2302,10.);
#687=VECTOR('',#2305,10.);
#688=VECTOR('',#2306,10.);
#689=VECTOR('',#2309,10.);
#690=VECTOR('',#2310,10.);
#691=VECTOR('',#2315,2.5);
#692=VECTOR('',#2316,10.);
#693=VECTOR('',#2321,10.);
#694=VECTOR('',#2322,10.);
#695=VECTOR('',#2327,2.5);
#696=VECTOR('',#2334,2.5);
#697=VECTOR('',#2339,10.);
#698=VECTOR('',#2340,10.);
#699=VECTOR('',#2341,10.);
#700=VECTOR('',#2346,2.5);
#701=VECTOR('',#2353,2.5);
#702=VECTOR('',#2360,2.5);
#703=VECTOR('',#2367,2.5);
#704=VECTOR('',#2374,2.5);
#705=VECTOR('',#2381,2.5);
#706=VECTOR('',#2388,2.5);
#707=VECTOR('',#2395,2.5);
#708=VECTOR('',#2402,2.5);
#709=VECTOR('',#2409,2.5);
#710=VECTOR('',#2416,2.5);
#711=VECTOR('',#2423,2.5);
#712=VECTOR('',#2430,2.5);
#713=VECTOR('',#2439,2.5);
#714=VECTOR('',#2448,2.5);
#715=VECTOR('',#2457,2.5);
#716=VECTOR('',#2466,2.5);
#717=VECTOR('',#2475,2.5);
#718=VECTOR('',#2478,10.);
#719=VECTOR('',#2483,10.);
#720=VECTOR('',#2484,10.);
#721=VECTOR('',#2489,2.5);
#722=VECTOR('',#2498,2.5);
#723=VECTOR('',#2503,10.);
#724=VECTOR('',#2504,10.);
#725=VECTOR('',#2505,10.);
#726=VECTOR('',#2506,10.);
#727=VECTOR('',#2507,10.);
#728=VECTOR('',#2510,10.);
#729=VECTOR('',#2511,10.);
#730=VECTOR('',#2512,10.);
#731=VECTOR('',#2515,10.);
#732=VECTOR('',#2516,10.);
#733=VECTOR('',#2517,10.);
#734=VECTOR('',#2520,10.);
#735=VECTOR('',#2521,10.);
#736=VERTEX_POINT('',#2528);
#737=VERTEX_POINT('',#2529);
#738=VERTEX_POINT('',#2531);
#739=VERTEX_POINT('',#2533);
#740=VERTEX_POINT('',#2535);
#741=VERTEX_POINT('',#2537);
#742=VERTEX_POINT('',#2539);
#743=VERTEX_POINT('',#2541);
#744=VERTEX_POINT('',#2543);
#745=VERTEX_POINT('',#2545);
#746=VERTEX_POINT('',#2547);
#747=VERTEX_POINT('',#2549);
#748=VERTEX_POINT('',#2551);
#749=VERTEX_POINT('',#2553);
#750=VERTEX_POINT('',#2555);
#751=VERTEX_POINT('',#2557);
#752=VERTEX_POINT('',#2559);
#753=VERTEX_POINT('',#2561);
#754=VERTEX_POINT('',#2563);
#755=VERTEX_POINT('',#2565);
#756=VERTEX_POINT('',#2567);
#757=VERTEX_POINT('',#2569);
#758=VERTEX_POINT('',#2571);
#759=VERTEX_POINT('',#2573);
#760=VERTEX_POINT('',#2575);
#761=VERTEX_POINT('',#2577);
#762=VERTEX_POINT('',#2579);
#763=VERTEX_POINT('',#2581);
#764=VERTEX_POINT('',#2583);
#765=VERTEX_POINT('',#2585);
#766=VERTEX_POINT('',#2587);
#767=VERTEX_POINT('',#2589);
#768=VERTEX_POINT('',#2591);
#769=VERTEX_POINT('',#2593);
#770=VERTEX_POINT('',#2595);
#771=VERTEX_POINT('',#2597);
#772=VERTEX_POINT('',#2599);
#773=VERTEX_POINT('',#2601);
#774=VERTEX_POINT('',#2603);
#775=VERTEX_POINT('',#2605);
#776=VERTEX_POINT('',#2607);
#777=VERTEX_POINT('',#2609);
#778=VERTEX_POINT('',#2611);
#779=VERTEX_POINT('',#2613);
#780=VERTEX_POINT('',#2615);
#781=VERTEX_POINT('',#2617);
#782=VERTEX_POINT('',#2619);
#783=VERTEX_POINT('',#2621);
#784=VERTEX_POINT('',#2623);
#785=VERTEX_POINT('',#2625);
#786=VERTEX_POINT('',#2627);
#787=VERTEX_POINT('',#2630);
#788=VERTEX_POINT('',#2632);
#789=VERTEX_POINT('',#2634);
#790=VERTEX_POINT('',#2636);
#791=VERTEX_POINT('',#2638);
#792=VERTEX_POINT('',#2640);
#793=VERTEX_POINT('',#2642);
#794=VERTEX_POINT('',#2644);
#795=VERTEX_POINT('',#2646);
#796=VERTEX_POINT('',#2648);
#797=VERTEX_POINT('',#2650);
#798=VERTEX_POINT('',#2652);
#799=VERTEX_POINT('',#2654);
#800=VERTEX_POINT('',#2656);
#801=VERTEX_POINT('',#2658);
#802=VERTEX_POINT('',#2660);
#803=VERTEX_POINT('',#2662);
#804=VERTEX_POINT('',#2664);
#805=VERTEX_POINT('',#2667);
#806=VERTEX_POINT('',#2671);
#807=VERTEX_POINT('',#2675);
#808=VERTEX_POINT('',#2679);
#809=VERTEX_POINT('',#2683);
#810=VERTEX_POINT('',#2687);
#811=VERTEX_POINT('',#2691);
#812=VERTEX_POINT('',#2695);
#813=VERTEX_POINT('',#2699);
#814=VERTEX_POINT('',#2703);
#815=VERTEX_POINT('',#2707);
#816=VERTEX_POINT('',#2711);
#817=VERTEX_POINT('',#2715);
#818=VERTEX_POINT('',#2719);
#819=VERTEX_POINT('',#2723);
#820=VERTEX_POINT('',#2727);
#821=VERTEX_POINT('',#2731);
#822=VERTEX_POINT('',#2735);
#823=VERTEX_POINT('',#2739);
#824=VERTEX_POINT('',#2741);
#825=VERTEX_POINT('',#2745);
#826=VERTEX_POINT('',#2747);
#827=VERTEX_POINT('',#2751);
#828=VERTEX_POINT('',#2753);
#829=VERTEX_POINT('',#2757);
#830=VERTEX_POINT('',#2759);
#831=VERTEX_POINT('',#2763);
#832=VERTEX_POINT('',#2765);
#833=VERTEX_POINT('',#2769);
#834=VERTEX_POINT('',#2771);
#835=VERTEX_POINT('',#2775);
#836=VERTEX_POINT('',#2777);
#837=VERTEX_POINT('',#2781);
#838=VERTEX_POINT('',#2783);
#839=VERTEX_POINT('',#2787);
#840=VERTEX_POINT('',#2789);
#841=VERTEX_POINT('',#2793);
#842=VERTEX_POINT('',#2795);
#843=VERTEX_POINT('',#2799);
#844=VERTEX_POINT('',#2801);
#845=VERTEX_POINT('',#2805);
#846=VERTEX_POINT('',#2808);
#847=VERTEX_POINT('',#2812);
#848=VERTEX_POINT('',#2816);
#849=VERTEX_POINT('',#2818);
#850=VERTEX_POINT('',#2822);
#851=VERTEX_POINT('',#2824);
#852=VERTEX_POINT('',#2828);
#853=VERTEX_POINT('',#2830);
#854=VERTEX_POINT('',#2834);
#855=VERTEX_POINT('',#2836);
#856=VERTEX_POINT('',#2840);
#857=VERTEX_POINT('',#2842);
#858=VERTEX_POINT('',#2846);
#859=VERTEX_POINT('',#2850);
#860=VERTEX_POINT('',#2854);
#861=VERTEX_POINT('',#2857);
#862=VERTEX_POINT('',#2861);
#863=VERTEX_POINT('',#2865);
#864=VERTEX_POINT('',#2867);
#865=VERTEX_POINT('',#2871);
#866=VERTEX_POINT('',#2873);
#867=VERTEX_POINT('',#2877);
#868=VERTEX_POINT('',#2879);
#869=VERTEX_POINT('',#2883);
#870=VERTEX_POINT('',#2885);
#871=VERTEX_POINT('',#2889);
#872=VERTEX_POINT('',#2891);
#873=VERTEX_POINT('',#2895);
#874=VERTEX_POINT('',#2897);
#875=VERTEX_POINT('',#2901);
#876=VERTEX_POINT('',#2903);
#877=VERTEX_POINT('',#2907);
#878=VERTEX_POINT('',#2912);
#879=VERTEX_POINT('',#2917);
#880=VERTEX_POINT('',#2922);
#881=VERTEX_POINT('',#2927);
#882=VERTEX_POINT('',#2932);
#883=VERTEX_POINT('',#2937);
#884=VERTEX_POINT('',#2942);
#885=VERTEX_POINT('',#2947);
#886=VERTEX_POINT('',#2949);
#887=VERTEX_POINT('',#2954);
#888=VERTEX_POINT('',#2956);
#889=VERTEX_POINT('',#2961);
#890=VERTEX_POINT('',#2963);
#891=VERTEX_POINT('',#2968);
#892=VERTEX_POINT('',#2970);
#893=VERTEX_POINT('',#2975);
#894=VERTEX_POINT('',#2977);
#895=VERTEX_POINT('',#2982);
#896=VERTEX_POINT('',#2984);
#897=VERTEX_POINT('',#2987);
#898=VERTEX_POINT('',#2991);
#899=VERTEX_POINT('',#2995);
#900=VERTEX_POINT('',#2997);
#901=VERTEX_POINT('',#3002);
#902=VERTEX_POINT('',#3007);
#903=VERTEX_POINT('',#3009);
#904=VERTEX_POINT('',#3011);
#905=VERTEX_POINT('',#3013);
#906=VERTEX_POINT('',#3017);
#907=VERTEX_POINT('',#3019);
#908=VERTEX_POINT('',#3023);
#909=VERTEX_POINT('',#3025);
#910=EDGE_CURVE('',#736,#737,#458,.T.);
#911=EDGE_CURVE('',#736,#738,#336,.T.);
#912=EDGE_CURVE('',#738,#739,#337,.T.);
#913=EDGE_CURVE('',#740,#739,#459,.T.);
#914=EDGE_CURVE('',#740,#741,#338,.T.);
#915=EDGE_CURVE('',#741,#742,#339,.T.);
#916=EDGE_CURVE('',#743,#742,#460,.T.);
#917=EDGE_CURVE('',#743,#744,#340,.T.);
#918=EDGE_CURVE('',#744,#745,#341,.T.);
#919=EDGE_CURVE('',#746,#745,#461,.T.);
#920=EDGE_CURVE('',#746,#747,#342,.T.);
#921=EDGE_CURVE('',#747,#748,#343,.T.);
#922=EDGE_CURVE('',#749,#748,#462,.T.);
#923=EDGE_CURVE('',#749,#750,#344,.T.);
#924=EDGE_CURVE('',#750,#751,#345,.T.);
#925=EDGE_CURVE('',#752,#751,#463,.T.);
#926=EDGE_CURVE('',#752,#753,#346,.T.);
#927=EDGE_CURVE('',#753,#754,#347,.T.);
#928=EDGE_CURVE('',#755,#754,#464,.T.);
#929=EDGE_CURVE('',#755,#756,#348,.T.);
#930=EDGE_CURVE('',#756,#757,#349,.T.);
#931=EDGE_CURVE('',#758,#757,#465,.T.);
#932=EDGE_CURVE('',#758,#759,#350,.T.);
#933=EDGE_CURVE('',#759,#760,#351,.T.);
#934=EDGE_CURVE('',#761,#760,#466,.T.);
#935=EDGE_CURVE('',#761,#762,#352,.T.);
#936=EDGE_CURVE('',#762,#763,#353,.T.);
#937=EDGE_CURVE('',#764,#763,#467,.T.);
#938=EDGE_CURVE('',#764,#765,#468,.T.);
#939=EDGE_CURVE('',#766,#765,#469,.T.);
#940=EDGE_CURVE('',#766,#767,#354,.T.);
#941=EDGE_CURVE('',#767,#768,#355,.T.);
#942=EDGE_CURVE('',#769,#768,#470,.T.);
#943=EDGE_CURVE('',#769,#770,#356,.T.);
#944=EDGE_CURVE('',#771,#770,#471,.T.);
#945=EDGE_CURVE('',#771,#772,#357,.T.);
#946=EDGE_CURVE('',#773,#772,#472,.T.);
#947=EDGE_CURVE('',#773,#774,#358,.T.);
#948=EDGE_CURVE('',#775,#774,#473,.T.);
#949=EDGE_CURVE('',#775,#776,#359,.T.);
#950=EDGE_CURVE('',#776,#777,#360,.T.);
#951=EDGE_CURVE('',#778,#777,#474,.T.);
#952=EDGE_CURVE('',#779,#778,#475,.T.);
#953=EDGE_CURVE('',#780,#779,#476,.T.);
#954=EDGE_CURVE('',#780,#781,#361,.T.);
#955=EDGE_CURVE('',#782,#781,#477,.T.);
#956=EDGE_CURVE('',#782,#783,#362,.T.);
#957=EDGE_CURVE('',#784,#783,#478,.T.);
#958=EDGE_CURVE('',#784,#785,#363,.T.);
#959=EDGE_CURVE('',#786,#785,#479,.T.);
#960=EDGE_CURVE('',#786,#737,#364,.T.);
#961=EDGE_CURVE('',#787,#787,#365,.T.);
#962=EDGE_CURVE('',#788,#788,#366,.T.);
#963=EDGE_CURVE('',#789,#789,#367,.T.);
#964=EDGE_CURVE('',#790,#790,#368,.T.);
#965=EDGE_CURVE('',#791,#791,#369,.T.);
#966=EDGE_CURVE('',#792,#792,#370,.T.);
#967=EDGE_CURVE('',#793,#793,#371,.T.);
#968=EDGE_CURVE('',#794,#794,#372,.T.);
#969=EDGE_CURVE('',#795,#795,#373,.T.);
#970=EDGE_CURVE('',#796,#796,#374,.T.);
#971=EDGE_CURVE('',#797,#797,#375,.T.);
#972=EDGE_CURVE('',#798,#798,#376,.T.);
#973=EDGE_CURVE('',#799,#799,#377,.T.);
#974=EDGE_CURVE('',#800,#800,#378,.T.);
#975=EDGE_CURVE('',#801,#801,#379,.T.);
#976=EDGE_CURVE('',#802,#802,#380,.T.);
#977=EDGE_CURVE('',#803,#803,#381,.T.);
#978=EDGE_CURVE('',#804,#804,#382,.T.);
#979=EDGE_CURVE('',#787,#805,#480,.T.);
#980=EDGE_CURVE('',#805,#805,#383,.T.);
#981=EDGE_CURVE('',#788,#806,#481,.T.);
#982=EDGE_CURVE('',#806,#806,#384,.T.);
#983=EDGE_CURVE('',#789,#807,#482,.T.);
#984=EDGE_CURVE('',#807,#807,#385,.T.);
#985=EDGE_CURVE('',#790,#808,#483,.T.);
#986=EDGE_CURVE('',#808,#808,#386,.T.);
#987=EDGE_CURVE('',#791,#809,#484,.T.);
#988=EDGE_CURVE('',#809,#809,#387,.T.);
#989=EDGE_CURVE('',#792,#810,#485,.T.);
#990=EDGE_CURVE('',#810,#810,#388,.T.);
#991=EDGE_CURVE('',#793,#811,#486,.T.);
#992=EDGE_CURVE('',#811,#811,#389,.T.);
#993=EDGE_CURVE('',#794,#812,#487,.T.);
#994=EDGE_CURVE('',#812,#812,#390,.T.);
#995=EDGE_CURVE('',#795,#813,#488,.T.);
#996=EDGE_CURVE('',#813,#813,#391,.T.);
#997=EDGE_CURVE('',#796,#814,#489,.T.);
#998=EDGE_CURVE('',#814,#814,#392,.T.);
#999=EDGE_CURVE('',#797,#815,#490,.T.);
#1000=EDGE_CURVE('',#815,#815,#393,.T.);
#1001=EDGE_CURVE('',#798,#816,#491,.T.);
#1002=EDGE_CURVE('',#816,#816,#394,.T.);
#1003=EDGE_CURVE('',#799,#817,#492,.T.);
#1004=EDGE_CURVE('',#817,#817,#395,.T.);
#1005=EDGE_CURVE('',#800,#818,#493,.T.);
#1006=EDGE_CURVE('',#818,#818,#396,.T.);
#1007=EDGE_CURVE('',#801,#819,#494,.T.);
#1008=EDGE_CURVE('',#819,#819,#397,.T.);
#1009=EDGE_CURVE('',#802,#820,#495,.T.);
#1010=EDGE_CURVE('',#820,#820,#398,.T.);
#1011=EDGE_CURVE('',#803,#821,#496,.T.);
#1012=EDGE_CURVE('',#821,#821,#399,.T.);
#1013=EDGE_CURVE('',#804,#822,#497,.T.);
#1014=EDGE_CURVE('',#822,#822,#400,.T.);
#1015=EDGE_CURVE('',#823,#768,#498,.T.);
#1016=EDGE_CURVE('',#824,#823,#499,.T.);
#1017=EDGE_CURVE('',#824,#769,#500,.T.);
#1018=EDGE_CURVE('',#825,#765,#501,.T.);
#1019=EDGE_CURVE('',#826,#825,#502,.T.);
#1020=EDGE_CURVE('',#826,#766,#503,.T.);
#1021=EDGE_CURVE('',#827,#763,#504,.T.);
#1022=EDGE_CURVE('',#827,#828,#505,.T.);
#1023=EDGE_CURVE('',#828,#764,#506,.T.);
#1024=EDGE_CURVE('',#829,#760,#507,.T.);
#1025=EDGE_CURVE('',#830,#829,#508,.T.);
#1026=EDGE_CURVE('',#830,#761,#509,.T.);
#1027=EDGE_CURVE('',#831,#757,#510,.T.);
#1028=EDGE_CURVE('',#832,#831,#511,.T.);
#1029=EDGE_CURVE('',#832,#758,#512,.T.);
#1030=EDGE_CURVE('',#833,#754,#513,.T.);
#1031=EDGE_CURVE('',#834,#833,#514,.T.);
#1032=EDGE_CURVE('',#834,#755,#515,.T.);
#1033=EDGE_CURVE('',#835,#751,#516,.T.);
#1034=EDGE_CURVE('',#836,#835,#517,.T.);
#1035=EDGE_CURVE('',#836,#752,#518,.T.);
#1036=EDGE_CURVE('',#837,#748,#519,.T.);
#1037=EDGE_CURVE('',#838,#837,#520,.T.);
#1038=EDGE_CURVE('',#838,#749,#521,.T.);
#1039=EDGE_CURVE('',#839,#745,#522,.T.);
#1040=EDGE_CURVE('',#840,#839,#523,.T.);
#1041=EDGE_CURVE('',#840,#746,#524,.T.);
#1042=EDGE_CURVE('',#841,#742,#525,.T.);
#1043=EDGE_CURVE('',#842,#841,#526,.T.);
#1044=EDGE_CURVE('',#842,#743,#527,.T.);
#1045=EDGE_CURVE('',#843,#739,#528,.T.);
#1046=EDGE_CURVE('',#844,#843,#529,.T.);
#1047=EDGE_CURVE('',#844,#740,#530,.T.);
#1048=EDGE_CURVE('',#845,#845,#401,.T.);
#1049=EDGE_CURVE('',#845,#738,#531,.T.);
#1050=EDGE_CURVE('',#846,#736,#532,.T.);
#1051=EDGE_CURVE('',#843,#846,#402,.T.);
#1052=EDGE_CURVE('',#847,#737,#533,.T.);
#1053=EDGE_CURVE('',#846,#847,#534,.T.);
#1054=EDGE_CURVE('',#848,#785,#535,.T.);
#1055=EDGE_CURVE('',#849,#848,#536,.T.);
#1056=EDGE_CURVE('',#849,#786,#537,.T.);
#1057=EDGE_CURVE('',#850,#783,#538,.T.);
#1058=EDGE_CURVE('',#851,#850,#539,.T.);
#1059=EDGE_CURVE('',#851,#784,#540,.T.);
#1060=EDGE_CURVE('',#852,#781,#541,.T.);
#1061=EDGE_CURVE('',#853,#852,#542,.T.);
#1062=EDGE_CURVE('',#853,#782,#543,.T.);
#1063=EDGE_CURVE('',#854,#854,#403,.T.);
#1064=EDGE_CURVE('',#854,#855,#544,.T.);
#1065=EDGE_CURVE('',#855,#855,#404,.T.);
#1066=EDGE_CURVE('',#856,#779,#545,.T.);
#1067=EDGE_CURVE('',#857,#856,#546,.T.);
#1068=EDGE_CURVE('',#857,#780,#547,.T.);
#1069=EDGE_CURVE('',#858,#778,#548,.T.);
#1070=EDGE_CURVE('',#856,#858,#549,.T.);
#1071=EDGE_CURVE('',#859,#777,#550,.T.);
#1072=EDGE_CURVE('',#858,#859,#551,.T.);
#1073=EDGE_CURVE('',#860,#860,#405,.T.);
#1074=EDGE_CURVE('',#860,#776,#552,.T.);
#1075=EDGE_CURVE('',#861,#775,#553,.T.);
#1076=EDGE_CURVE('',#859,#861,#406,.T.);
#1077=EDGE_CURVE('',#862,#774,#554,.T.);
#1078=EDGE_CURVE('',#861,#862,#555,.T.);
#1079=EDGE_CURVE('',#863,#863,#407,.T.);
#1080=EDGE_CURVE('',#863,#864,#556,.T.);
#1081=EDGE_CURVE('',#864,#864,#408,.T.);
#1082=EDGE_CURVE('',#865,#865,#409,.T.);
#1083=EDGE_CURVE('',#865,#866,#557,.T.);
#1084=EDGE_CURVE('',#866,#866,#410,.T.);
#1085=EDGE_CURVE('',#867,#772,#558,.T.);
#1086=EDGE_CURVE('',#868,#867,#559,.T.);
#1087=EDGE_CURVE('',#868,#773,#560,.T.);
#1088=EDGE_CURVE('',#869,#869,#411,.T.);
#1089=EDGE_CURVE('',#869,#870,#561,.T.);
#1090=EDGE_CURVE('',#870,#870,#412,.T.);
#1091=EDGE_CURVE('',#871,#871,#413,.T.);
#1092=EDGE_CURVE('',#871,#872,#562,.T.);
#1093=EDGE_CURVE('',#872,#872,#414,.T.);
#1094=EDGE_CURVE('',#873,#873,#415,.T.);
#1095=EDGE_CURVE('',#873,#874,#563,.T.);
#1096=EDGE_CURVE('',#874,#874,#416,.T.);
#1097=EDGE_CURVE('',#875,#875,#417,.T.);
#1098=EDGE_CURVE('',#875,#876,#564,.T.);
#1099=EDGE_CURVE('',#876,#876,#418,.T.);
#1100=EDGE_CURVE('',#877,#877,#419,.T.);
#1101=EDGE_CURVE('',#877,#762,#565,.T.);
#1102=EDGE_CURVE('',#827,#830,#420,.T.);
#1103=EDGE_CURVE('',#878,#878,#421,.T.);
#1104=EDGE_CURVE('',#878,#759,#566,.T.);
#1105=EDGE_CURVE('',#829,#832,#422,.T.);
#1106=EDGE_CURVE('',#879,#879,#423,.T.);
#1107=EDGE_CURVE('',#879,#756,#567,.T.);
#1108=EDGE_CURVE('',#831,#834,#424,.T.);
#1109=EDGE_CURVE('',#880,#880,#425,.T.);
#1110=EDGE_CURVE('',#880,#753,#568,.T.);
#1111=EDGE_CURVE('',#833,#836,#426,.T.);
#1112=EDGE_CURVE('',#881,#881,#427,.T.);
#1113=EDGE_CURVE('',#881,#750,#569,.T.);
#1114=EDGE_CURVE('',#835,#838,#428,.T.);
#1115=EDGE_CURVE('',#882,#882,#429,.T.);
#1116=EDGE_CURVE('',#882,#747,#570,.T.);
#1117=EDGE_CURVE('',#837,#840,#430,.T.);
#1118=EDGE_CURVE('',#883,#883,#431,.T.);
#1119=EDGE_CURVE('',#883,#744,#571,.T.);
#1120=EDGE_CURVE('',#839,#842,#432,.T.);
#1121=EDGE_CURVE('',#884,#884,#433,.T.);
#1122=EDGE_CURVE('',#884,#741,#572,.T.);
#1123=EDGE_CURVE('',#841,#844,#434,.T.);
#1124=EDGE_CURVE('',#885,#885,#435,.T.);
#1125=EDGE_CURVE('',#885,#886,#573,.T.);
#1126=EDGE_CURVE('',#847,#886,#436,.T.);
#1127=EDGE_CURVE('',#886,#849,#437,.T.);
#1128=EDGE_CURVE('',#887,#887,#438,.T.);
#1129=EDGE_CURVE('',#887,#888,#574,.T.);
#1130=EDGE_CURVE('',#848,#888,#439,.T.);
#1131=EDGE_CURVE('',#888,#851,#440,.T.);
#1132=EDGE_CURVE('',#889,#889,#441,.T.);
#1133=EDGE_CURVE('',#889,#890,#575,.T.);
#1134=EDGE_CURVE('',#850,#890,#442,.T.);
#1135=EDGE_CURVE('',#890,#853,#443,.T.);
#1136=EDGE_CURVE('',#891,#891,#444,.T.);
#1137=EDGE_CURVE('',#891,#892,#576,.T.);
#1138=EDGE_CURVE('',#852,#892,#445,.T.);
#1139=EDGE_CURVE('',#892,#857,#446,.T.);
#1140=EDGE_CURVE('',#893,#893,#447,.T.);
#1141=EDGE_CURVE('',#893,#894,#577,.T.);
#1142=EDGE_CURVE('',#862,#894,#448,.T.);
#1143=EDGE_CURVE('',#894,#868,#449,.T.);
#1144=EDGE_CURVE('',#895,#895,#450,.T.);
#1145=EDGE_CURVE('',#895,#896,#578,.T.);
#1146=EDGE_CURVE('',#867,#896,#451,.T.);
#1147=EDGE_CURVE('',#897,#771,#579,.T.);
#1148=EDGE_CURVE('',#896,#897,#452,.T.);
#1149=EDGE_CURVE('',#898,#770,#580,.T.);
#1150=EDGE_CURVE('',#897,#898,#581,.T.);
#1151=EDGE_CURVE('',#899,#899,#453,.T.);
#1152=EDGE_CURVE('',#899,#900,#582,.T.);
#1153=EDGE_CURVE('',#898,#900,#454,.T.);
#1154=EDGE_CURVE('',#900,#824,#455,.T.);
#1155=EDGE_CURVE('',#901,#901,#456,.T.);
#1156=EDGE_CURVE('',#901,#767,#583,.T.);
#1157=EDGE_CURVE('',#823,#826,#457,.T.);
#1158=EDGE_CURVE('',#825,#902,#584,.T.);
#1159=EDGE_CURVE('',#903,#828,#585,.T.);
#1160=EDGE_CURVE('',#903,#904,#586,.T.);
#1161=EDGE_CURVE('',#905,#904,#587,.T.);
#1162=EDGE_CURVE('',#902,#905,#588,.T.);
#1163=EDGE_CURVE('',#902,#906,#589,.T.);
#1164=EDGE_CURVE('',#907,#905,#590,.T.);
#1165=EDGE_CURVE('',#906,#907,#591,.T.);
#1166=EDGE_CURVE('',#906,#908,#592,.T.);
#1167=EDGE_CURVE('',#909,#907,#593,.T.);
#1168=EDGE_CURVE('',#908,#909,#594,.T.);
#1169=EDGE_CURVE('',#908,#903,#595,.T.);
#1170=EDGE_CURVE('',#904,#909,#596,.T.);
#1171=ORIENTED_EDGE('',*,*,#910,.F.);
#1172=ORIENTED_EDGE('',*,*,#911,.T.);
#1173=ORIENTED_EDGE('',*,*,#912,.T.);
#1174=ORIENTED_EDGE('',*,*,#913,.F.);
#1175=ORIENTED_EDGE('',*,*,#914,.T.);
#1176=ORIENTED_EDGE('',*,*,#915,.T.);
#1177=ORIENTED_EDGE('',*,*,#916,.F.);
#1178=ORIENTED_EDGE('',*,*,#917,.T.);
#1179=ORIENTED_EDGE('',*,*,#918,.T.);
#1180=ORIENTED_EDGE('',*,*,#919,.F.);
#1181=ORIENTED_EDGE('',*,*,#920,.T.);
#1182=ORIENTED_EDGE('',*,*,#921,.T.);
#1183=ORIENTED_EDGE('',*,*,#922,.F.);
#1184=ORIENTED_EDGE('',*,*,#923,.T.);
#1185=ORIENTED_EDGE('',*,*,#924,.T.);
#1186=ORIENTED_EDGE('',*,*,#925,.F.);
#1187=ORIENTED_EDGE('',*,*,#926,.T.);
#1188=ORIENTED_EDGE('',*,*,#927,.T.);
#1189=ORIENTED_EDGE('',*,*,#928,.F.);
#1190=ORIENTED_EDGE('',*,*,#929,.T.);
#1191=ORIENTED_EDGE('',*,*,#930,.T.);
#1192=ORIENTED_EDGE('',*,*,#931,.F.);
#1193=ORIENTED_EDGE('',*,*,#932,.T.);
#1194=ORIENTED_EDGE('',*,*,#933,.T.);
#1195=ORIENTED_EDGE('',*,*,#934,.F.);
#1196=ORIENTED_EDGE('',*,*,#935,.T.);
#1197=ORIENTED_EDGE('',*,*,#936,.T.);
#1198=ORIENTED_EDGE('',*,*,#937,.F.);
#1199=ORIENTED_EDGE('',*,*,#938,.T.);
#1200=ORIENTED_EDGE('',*,*,#939,.F.);
#1201=ORIENTED_EDGE('',*,*,#940,.T.);
#1202=ORIENTED_EDGE('',*,*,#941,.T.);
#1203=ORIENTED_EDGE('',*,*,#942,.F.);
#1204=ORIENTED_EDGE('',*,*,#943,.T.);
#1205=ORIENTED_EDGE('',*,*,#944,.F.);
#1206=ORIENTED_EDGE('',*,*,#945,.T.);
#1207=ORIENTED_EDGE('',*,*,#946,.F.);
#1208=ORIENTED_EDGE('',*,*,#947,.T.);
#1209=ORIENTED_EDGE('',*,*,#948,.F.);
#1210=ORIENTED_EDGE('',*,*,#949,.T.);
#1211=ORIENTED_EDGE('',*,*,#950,.T.);
#1212=ORIENTED_EDGE('',*,*,#951,.F.);
#1213=ORIENTED_EDGE('',*,*,#952,.F.);
#1214=ORIENTED_EDGE('',*,*,#953,.F.);
#1215=ORIENTED_EDGE('',*,*,#954,.T.);
#1216=ORIENTED_EDGE('',*,*,#955,.F.);
#1217=ORIENTED_EDGE('',*,*,#956,.T.);
#1218=ORIENTED_EDGE('',*,*,#957,.F.);
#1219=ORIENTED_EDGE('',*,*,#958,.T.);
#1220=ORIENTED_EDGE('',*,*,#959,.F.);
#1221=ORIENTED_EDGE('',*,*,#960,.T.);
#1222=ORIENTED_EDGE('',*,*,#961,.T.);
#1223=ORIENTED_EDGE('',*,*,#962,.T.);
#1224=ORIENTED_EDGE('',*,*,#963,.T.);
#1225=ORIENTED_EDGE('',*,*,#964,.T.);
#1226=ORIENTED_EDGE('',*,*,#965,.T.);
#1227=ORIENTED_EDGE('',*,*,#966,.T.);
#1228=ORIENTED_EDGE('',*,*,#967,.T.);
#1229=ORIENTED_EDGE('',*,*,#968,.T.);
#1230=ORIENTED_EDGE('',*,*,#969,.T.);
#1231=ORIENTED_EDGE('',*,*,#970,.T.);
#1232=ORIENTED_EDGE('',*,*,#971,.T.);
#1233=ORIENTED_EDGE('',*,*,#972,.T.);
#1234=ORIENTED_EDGE('',*,*,#973,.T.);
#1235=ORIENTED_EDGE('',*,*,#974,.T.);
#1236=ORIENTED_EDGE('',*,*,#975,.T.);
#1237=ORIENTED_EDGE('',*,*,#976,.T.);
#1238=ORIENTED_EDGE('',*,*,#977,.T.);
#1239=ORIENTED_EDGE('',*,*,#978,.T.);
#1240=ORIENTED_EDGE('',*,*,#961,.F.);
#1241=ORIENTED_EDGE('',*,*,#979,.T.);
#1242=ORIENTED_EDGE('',*,*,#980,.T.);
#1243=ORIENTED_EDGE('',*,*,#979,.F.);
#1244=ORIENTED_EDGE('',*,*,#962,.F.);
#1245=ORIENTED_EDGE('',*,*,#981,.T.);
#1246=ORIENTED_EDGE('',*,*,#982,.T.);
#1247=ORIENTED_EDGE('',*,*,#981,.F.);
#1248=ORIENTED_EDGE('',*,*,#963,.F.);
#1249=ORIENTED_EDGE('',*,*,#983,.T.);
#1250=ORIENTED_EDGE('',*,*,#984,.T.);
#1251=ORIENTED_EDGE('',*,*,#983,.F.);
#1252=ORIENTED_EDGE('',*,*,#964,.F.);
#1253=ORIENTED_EDGE('',*,*,#985,.T.);
#1254=ORIENTED_EDGE('',*,*,#986,.T.);
#1255=ORIENTED_EDGE('',*,*,#985,.F.);
#1256=ORIENTED_EDGE('',*,*,#965,.F.);
#1257=ORIENTED_EDGE('',*,*,#987,.T.);
#1258=ORIENTED_EDGE('',*,*,#988,.T.);
#1259=ORIENTED_EDGE('',*,*,#987,.F.);
#1260=ORIENTED_EDGE('',*,*,#966,.F.);
#1261=ORIENTED_EDGE('',*,*,#989,.T.);
#1262=ORIENTED_EDGE('',*,*,#990,.T.);
#1263=ORIENTED_EDGE('',*,*,#989,.F.);
#1264=ORIENTED_EDGE('',*,*,#967,.F.);
#1265=ORIENTED_EDGE('',*,*,#991,.T.);
#1266=ORIENTED_EDGE('',*,*,#992,.T.);
#1267=ORIENTED_EDGE('',*,*,#991,.F.);
#1268=ORIENTED_EDGE('',*,*,#968,.F.);
#1269=ORIENTED_EDGE('',*,*,#993,.T.);
#1270=ORIENTED_EDGE('',*,*,#994,.T.);
#1271=ORIENTED_EDGE('',*,*,#993,.F.);
#1272=ORIENTED_EDGE('',*,*,#969,.F.);
#1273=ORIENTED_EDGE('',*,*,#995,.T.);
#1274=ORIENTED_EDGE('',*,*,#996,.T.);
#1275=ORIENTED_EDGE('',*,*,#995,.F.);
#1276=ORIENTED_EDGE('',*,*,#970,.F.);
#1277=ORIENTED_EDGE('',*,*,#997,.T.);
#1278=ORIENTED_EDGE('',*,*,#998,.T.);
#1279=ORIENTED_EDGE('',*,*,#997,.F.);
#1280=ORIENTED_EDGE('',*,*,#971,.F.);
#1281=ORIENTED_EDGE('',*,*,#999,.T.);
#1282=ORIENTED_EDGE('',*,*,#1000,.T.);
#1283=ORIENTED_EDGE('',*,*,#999,.F.);
#1284=ORIENTED_EDGE('',*,*,#972,.F.);
#1285=ORIENTED_EDGE('',*,*,#1001,.T.);
#1286=ORIENTED_EDGE('',*,*,#1002,.T.);
#1287=ORIENTED_EDGE('',*,*,#1001,.F.);
#1288=ORIENTED_EDGE('',*,*,#973,.F.);
#1289=ORIENTED_EDGE('',*,*,#1003,.T.);
#1290=ORIENTED_EDGE('',*,*,#1004,.T.);
#1291=ORIENTED_EDGE('',*,*,#1003,.F.);
#1292=ORIENTED_EDGE('',*,*,#974,.F.);
#1293=ORIENTED_EDGE('',*,*,#1005,.T.);
#1294=ORIENTED_EDGE('',*,*,#1006,.T.);
#1295=ORIENTED_EDGE('',*,*,#1005,.F.);
#1296=ORIENTED_EDGE('',*,*,#975,.F.);
#1297=ORIENTED_EDGE('',*,*,#1007,.T.);
#1298=ORIENTED_EDGE('',*,*,#1008,.T.);
#1299=ORIENTED_EDGE('',*,*,#1007,.F.);
#1300=ORIENTED_EDGE('',*,*,#976,.F.);
#1301=ORIENTED_EDGE('',*,*,#1009,.T.);
#1302=ORIENTED_EDGE('',*,*,#1010,.T.);
#1303=ORIENTED_EDGE('',*,*,#1009,.F.);
#1304=ORIENTED_EDGE('',*,*,#977,.F.);
#1305=ORIENTED_EDGE('',*,*,#1011,.T.);
#1306=ORIENTED_EDGE('',*,*,#1012,.T.);
#1307=ORIENTED_EDGE('',*,*,#1011,.F.);
#1308=ORIENTED_EDGE('',*,*,#978,.F.);
#1309=ORIENTED_EDGE('',*,*,#1013,.T.);
#1310=ORIENTED_EDGE('',*,*,#1014,.T.);
#1311=ORIENTED_EDGE('',*,*,#1013,.F.);
#1312=ORIENTED_EDGE('',*,*,#942,.T.);
#1313=ORIENTED_EDGE('',*,*,#1015,.F.);
#1314=ORIENTED_EDGE('',*,*,#1016,.F.);
#1315=ORIENTED_EDGE('',*,*,#1017,.T.);
#1316=ORIENTED_EDGE('',*,*,#939,.T.);
#1317=ORIENTED_EDGE('',*,*,#1018,.F.);
#1318=ORIENTED_EDGE('',*,*,#1019,.F.);
#1319=ORIENTED_EDGE('',*,*,#1020,.T.);
#1320=ORIENTED_EDGE('',*,*,#937,.T.);
#1321=ORIENTED_EDGE('',*,*,#1021,.F.);
#1322=ORIENTED_EDGE('',*,*,#1022,.T.);
#1323=ORIENTED_EDGE('',*,*,#1023,.T.);
#1324=ORIENTED_EDGE('',*,*,#934,.T.);
#1325=ORIENTED_EDGE('',*,*,#1024,.F.);
#1326=ORIENTED_EDGE('',*,*,#1025,.F.);
#1327=ORIENTED_EDGE('',*,*,#1026,.T.);
#1328=ORIENTED_EDGE('',*,*,#931,.T.);
#1329=ORIENTED_EDGE('',*,*,#1027,.F.);
#1330=ORIENTED_EDGE('',*,*,#1028,.F.);
#1331=ORIENTED_EDGE('',*,*,#1029,.T.);
#1332=ORIENTED_EDGE('',*,*,#928,.T.);
#1333=ORIENTED_EDGE('',*,*,#1030,.F.);
#1334=ORIENTED_EDGE('',*,*,#1031,.F.);
#1335=ORIENTED_EDGE('',*,*,#1032,.T.);
#1336=ORIENTED_EDGE('',*,*,#925,.T.);
#1337=ORIENTED_EDGE('',*,*,#1033,.F.);
#1338=ORIENTED_EDGE('',*,*,#1034,.F.);
#1339=ORIENTED_EDGE('',*,*,#1035,.T.);
#1340=ORIENTED_EDGE('',*,*,#922,.T.);
#1341=ORIENTED_EDGE('',*,*,#1036,.F.);
#1342=ORIENTED_EDGE('',*,*,#1037,.F.);
#1343=ORIENTED_EDGE('',*,*,#1038,.T.);
#1344=ORIENTED_EDGE('',*,*,#919,.T.);
#1345=ORIENTED_EDGE('',*,*,#1039,.F.);
#1346=ORIENTED_EDGE('',*,*,#1040,.F.);
#1347=ORIENTED_EDGE('',*,*,#1041,.T.);
#1348=ORIENTED_EDGE('',*,*,#916,.T.);
#1349=ORIENTED_EDGE('',*,*,#1042,.F.);
#1350=ORIENTED_EDGE('',*,*,#1043,.F.);
#1351=ORIENTED_EDGE('',*,*,#1044,.T.);
#1352=ORIENTED_EDGE('',*,*,#913,.T.);
#1353=ORIENTED_EDGE('',*,*,#1045,.F.);
#1354=ORIENTED_EDGE('',*,*,#1046,.F.);
#1355=ORIENTED_EDGE('',*,*,#1047,.T.);
#1356=ORIENTED_EDGE('',*,*,#1048,.F.);
#1357=ORIENTED_EDGE('',*,*,#1049,.T.);
#1358=ORIENTED_EDGE('',*,*,#911,.F.);
#1359=ORIENTED_EDGE('',*,*,#1050,.F.);
#1360=ORIENTED_EDGE('',*,*,#1051,.F.);
#1361=ORIENTED_EDGE('',*,*,#1045,.T.);
#1362=ORIENTED_EDGE('',*,*,#912,.F.);
#1363=ORIENTED_EDGE('',*,*,#1049,.F.);
#1364=ORIENTED_EDGE('',*,*,#910,.T.);
#1365=ORIENTED_EDGE('',*,*,#1052,.F.);
#1366=ORIENTED_EDGE('',*,*,#1053,.F.);
#1367=ORIENTED_EDGE('',*,*,#1050,.T.);
#1368=ORIENTED_EDGE('',*,*,#959,.T.);
#1369=ORIENTED_EDGE('',*,*,#1054,.F.);
#1370=ORIENTED_EDGE('',*,*,#1055,.F.);
#1371=ORIENTED_EDGE('',*,*,#1056,.T.);
#1372=ORIENTED_EDGE('',*,*,#957,.T.);
#1373=ORIENTED_EDGE('',*,*,#1057,.F.);
#1374=ORIENTED_EDGE('',*,*,#1058,.F.);
#1375=ORIENTED_EDGE('',*,*,#1059,.T.);
#1376=ORIENTED_EDGE('',*,*,#955,.T.);
#1377=ORIENTED_EDGE('',*,*,#1060,.F.);
#1378=ORIENTED_EDGE('',*,*,#1061,.F.);
#1379=ORIENTED_EDGE('',*,*,#1062,.T.);
#1380=ORIENTED_EDGE('',*,*,#1063,.F.);
#1381=ORIENTED_EDGE('',*,*,#1064,.T.);
#1382=ORIENTED_EDGE('',*,*,#1065,.T.);
#1383=ORIENTED_EDGE('',*,*,#1064,.F.);
#1384=ORIENTED_EDGE('',*,*,#953,.T.);
#1385=ORIENTED_EDGE('',*,*,#1066,.F.);
#1386=ORIENTED_EDGE('',*,*,#1067,.F.);
#1387=ORIENTED_EDGE('',*,*,#1068,.T.);
#1388=ORIENTED_EDGE('',*,*,#952,.T.);
#1389=ORIENTED_EDGE('',*,*,#1069,.F.);
#1390=ORIENTED_EDGE('',*,*,#1070,.F.);
#1391=ORIENTED_EDGE('',*,*,#1066,.T.);
#1392=ORIENTED_EDGE('',*,*,#951,.T.);
#1393=ORIENTED_EDGE('',*,*,#1071,.F.);
#1394=ORIENTED_EDGE('',*,*,#1072,.F.);
#1395=ORIENTED_EDGE('',*,*,#1069,.T.);
#1396=ORIENTED_EDGE('',*,*,#1073,.F.);
#1397=ORIENTED_EDGE('',*,*,#1074,.T.);
#1398=ORIENTED_EDGE('',*,*,#949,.F.);
#1399=ORIENTED_EDGE('',*,*,#1075,.F.);
#1400=ORIENTED_EDGE('',*,*,#1076,.F.);
#1401=ORIENTED_EDGE('',*,*,#1071,.T.);
#1402=ORIENTED_EDGE('',*,*,#950,.F.);
#1403=ORIENTED_EDGE('',*,*,#1074,.F.);
#1404=ORIENTED_EDGE('',*,*,#948,.T.);
#1405=ORIENTED_EDGE('',*,*,#1077,.F.);
#1406=ORIENTED_EDGE('',*,*,#1078,.F.);
#1407=ORIENTED_EDGE('',*,*,#1075,.T.);
#1408=ORIENTED_EDGE('',*,*,#1079,.F.);
#1409=ORIENTED_EDGE('',*,*,#1080,.T.);
#1410=ORIENTED_EDGE('',*,*,#1081,.T.);
#1411=ORIENTED_EDGE('',*,*,#1080,.F.);
#1412=ORIENTED_EDGE('',*,*,#1082,.F.);
#1413=ORIENTED_EDGE('',*,*,#1083,.T.);
#1414=ORIENTED_EDGE('',*,*,#1084,.T.);
#1415=ORIENTED_EDGE('',*,*,#1083,.F.);
#1416=ORIENTED_EDGE('',*,*,#946,.T.);
#1417=ORIENTED_EDGE('',*,*,#1085,.F.);
#1418=ORIENTED_EDGE('',*,*,#1086,.F.);
#1419=ORIENTED_EDGE('',*,*,#1087,.T.);
#1420=ORIENTED_EDGE('',*,*,#1088,.F.);
#1421=ORIENTED_EDGE('',*,*,#1089,.T.);
#1422=ORIENTED_EDGE('',*,*,#1090,.T.);
#1423=ORIENTED_EDGE('',*,*,#1089,.F.);
#1424=ORIENTED_EDGE('',*,*,#1091,.F.);
#1425=ORIENTED_EDGE('',*,*,#1092,.T.);
#1426=ORIENTED_EDGE('',*,*,#1093,.T.);
#1427=ORIENTED_EDGE('',*,*,#1092,.F.);
#1428=ORIENTED_EDGE('',*,*,#1094,.F.);
#1429=ORIENTED_EDGE('',*,*,#1095,.T.);
#1430=ORIENTED_EDGE('',*,*,#1096,.T.);
#1431=ORIENTED_EDGE('',*,*,#1095,.F.);
#1432=ORIENTED_EDGE('',*,*,#1097,.F.);
#1433=ORIENTED_EDGE('',*,*,#1098,.T.);
#1434=ORIENTED_EDGE('',*,*,#1099,.T.);
#1435=ORIENTED_EDGE('',*,*,#1098,.F.);
#1436=ORIENTED_EDGE('',*,*,#1100,.T.);
#1437=ORIENTED_EDGE('',*,*,#1101,.T.);
#1438=ORIENTED_EDGE('',*,*,#935,.F.);
#1439=ORIENTED_EDGE('',*,*,#1026,.F.);
#1440=ORIENTED_EDGE('',*,*,#1102,.F.);
#1441=ORIENTED_EDGE('',*,*,#1021,.T.);
#1442=ORIENTED_EDGE('',*,*,#936,.F.);
#1443=ORIENTED_EDGE('',*,*,#1101,.F.);
#1444=ORIENTED_EDGE('',*,*,#1103,.T.);
#1445=ORIENTED_EDGE('',*,*,#1104,.T.);
#1446=ORIENTED_EDGE('',*,*,#932,.F.);
#1447=ORIENTED_EDGE('',*,*,#1029,.F.);
#1448=ORIENTED_EDGE('',*,*,#1105,.F.);
#1449=ORIENTED_EDGE('',*,*,#1024,.T.);
#1450=ORIENTED_EDGE('',*,*,#933,.F.);
#1451=ORIENTED_EDGE('',*,*,#1104,.F.);
#1452=ORIENTED_EDGE('',*,*,#1106,.T.);
#1453=ORIENTED_EDGE('',*,*,#1107,.T.);
#1454=ORIENTED_EDGE('',*,*,#929,.F.);
#1455=ORIENTED_EDGE('',*,*,#1032,.F.);
#1456=ORIENTED_EDGE('',*,*,#1108,.F.);
#1457=ORIENTED_EDGE('',*,*,#1027,.T.);
#1458=ORIENTED_EDGE('',*,*,#930,.F.);
#1459=ORIENTED_EDGE('',*,*,#1107,.F.);
#1460=ORIENTED_EDGE('',*,*,#1109,.T.);
#1461=ORIENTED_EDGE('',*,*,#1110,.T.);
#1462=ORIENTED_EDGE('',*,*,#926,.F.);
#1463=ORIENTED_EDGE('',*,*,#1035,.F.);
#1464=ORIENTED_EDGE('',*,*,#1111,.F.);
#1465=ORIENTED_EDGE('',*,*,#1030,.T.);
#1466=ORIENTED_EDGE('',*,*,#927,.F.);
#1467=ORIENTED_EDGE('',*,*,#1110,.F.);
#1468=ORIENTED_EDGE('',*,*,#1112,.T.);
#1469=ORIENTED_EDGE('',*,*,#1113,.T.);
#1470=ORIENTED_EDGE('',*,*,#923,.F.);
#1471=ORIENTED_EDGE('',*,*,#1038,.F.);
#1472=ORIENTED_EDGE('',*,*,#1114,.F.);
#1473=ORIENTED_EDGE('',*,*,#1033,.T.);
#1474=ORIENTED_EDGE('',*,*,#924,.F.);
#1475=ORIENTED_EDGE('',*,*,#1113,.F.);
#1476=ORIENTED_EDGE('',*,*,#1115,.T.);
#1477=ORIENTED_EDGE('',*,*,#1116,.T.);
#1478=ORIENTED_EDGE('',*,*,#920,.F.);
#1479=ORIENTED_EDGE('',*,*,#1041,.F.);
#1480=ORIENTED_EDGE('',*,*,#1117,.F.);
#1481=ORIENTED_EDGE('',*,*,#1036,.T.);
#1482=ORIENTED_EDGE('',*,*,#921,.F.);
#1483=ORIENTED_EDGE('',*,*,#1116,.F.);
#1484=ORIENTED_EDGE('',*,*,#1118,.T.);
#1485=ORIENTED_EDGE('',*,*,#1119,.T.);
#1486=ORIENTED_EDGE('',*,*,#917,.F.);
#1487=ORIENTED_EDGE('',*,*,#1044,.F.);
#1488=ORIENTED_EDGE('',*,*,#1120,.F.);
#1489=ORIENTED_EDGE('',*,*,#1039,.T.);
#1490=ORIENTED_EDGE('',*,*,#918,.F.);
#1491=ORIENTED_EDGE('',*,*,#1119,.F.);
#1492=ORIENTED_EDGE('',*,*,#1121,.T.);
#1493=ORIENTED_EDGE('',*,*,#1122,.T.);
#1494=ORIENTED_EDGE('',*,*,#914,.F.);
#1495=ORIENTED_EDGE('',*,*,#1047,.F.);
#1496=ORIENTED_EDGE('',*,*,#1123,.F.);
#1497=ORIENTED_EDGE('',*,*,#1042,.T.);
#1498=ORIENTED_EDGE('',*,*,#915,.F.);
#1499=ORIENTED_EDGE('',*,*,#1122,.F.);
#1500=ORIENTED_EDGE('',*,*,#1124,.F.);
#1501=ORIENTED_EDGE('',*,*,#1125,.T.);
#1502=ORIENTED_EDGE('',*,*,#1126,.F.);
#1503=ORIENTED_EDGE('',*,*,#1052,.T.);
#1504=ORIENTED_EDGE('',*,*,#960,.F.);
#1505=ORIENTED_EDGE('',*,*,#1056,.F.);
#1506=ORIENTED_EDGE('',*,*,#1127,.F.);
#1507=ORIENTED_EDGE('',*,*,#1125,.F.);
#1508=ORIENTED_EDGE('',*,*,#1128,.F.);
#1509=ORIENTED_EDGE('',*,*,#1129,.T.);
#1510=ORIENTED_EDGE('',*,*,#1130,.F.);
#1511=ORIENTED_EDGE('',*,*,#1054,.T.);
#1512=ORIENTED_EDGE('',*,*,#958,.F.);
#1513=ORIENTED_EDGE('',*,*,#1059,.F.);
#1514=ORIENTED_EDGE('',*,*,#1131,.F.);
#1515=ORIENTED_EDGE('',*,*,#1129,.F.);
#1516=ORIENTED_EDGE('',*,*,#1132,.F.);
#1517=ORIENTED_EDGE('',*,*,#1133,.T.);
#1518=ORIENTED_EDGE('',*,*,#1134,.F.);
#1519=ORIENTED_EDGE('',*,*,#1057,.T.);
#1520=ORIENTED_EDGE('',*,*,#956,.F.);
#1521=ORIENTED_EDGE('',*,*,#1062,.F.);
#1522=ORIENTED_EDGE('',*,*,#1135,.F.);
#1523=ORIENTED_EDGE('',*,*,#1133,.F.);
#1524=ORIENTED_EDGE('',*,*,#1136,.F.);
#1525=ORIENTED_EDGE('',*,*,#1137,.T.);
#1526=ORIENTED_EDGE('',*,*,#1138,.F.);
#1527=ORIENTED_EDGE('',*,*,#1060,.T.);
#1528=ORIENTED_EDGE('',*,*,#954,.F.);
#1529=ORIENTED_EDGE('',*,*,#1068,.F.);
#1530=ORIENTED_EDGE('',*,*,#1139,.F.);
#1531=ORIENTED_EDGE('',*,*,#1137,.F.);
#1532=ORIENTED_EDGE('',*,*,#1140,.F.);
#1533=ORIENTED_EDGE('',*,*,#1141,.T.);
#1534=ORIENTED_EDGE('',*,*,#1142,.F.);
#1535=ORIENTED_EDGE('',*,*,#1077,.T.);
#1536=ORIENTED_EDGE('',*,*,#947,.F.);
#1537=ORIENTED_EDGE('',*,*,#1087,.F.);
#1538=ORIENTED_EDGE('',*,*,#1143,.F.);
#1539=ORIENTED_EDGE('',*,*,#1141,.F.);
#1540=ORIENTED_EDGE('',*,*,#1144,.F.);
#1541=ORIENTED_EDGE('',*,*,#1145,.T.);
#1542=ORIENTED_EDGE('',*,*,#1146,.F.);
#1543=ORIENTED_EDGE('',*,*,#1085,.T.);
#1544=ORIENTED_EDGE('',*,*,#945,.F.);
#1545=ORIENTED_EDGE('',*,*,#1147,.F.);
#1546=ORIENTED_EDGE('',*,*,#1148,.F.);
#1547=ORIENTED_EDGE('',*,*,#1145,.F.);
#1548=ORIENTED_EDGE('',*,*,#944,.T.);
#1549=ORIENTED_EDGE('',*,*,#1149,.F.);
#1550=ORIENTED_EDGE('',*,*,#1150,.F.);
#1551=ORIENTED_EDGE('',*,*,#1147,.T.);
#1552=ORIENTED_EDGE('',*,*,#1151,.F.);
#1553=ORIENTED_EDGE('',*,*,#1152,.T.);
#1554=ORIENTED_EDGE('',*,*,#1153,.F.);
#1555=ORIENTED_EDGE('',*,*,#1149,.T.);
#1556=ORIENTED_EDGE('',*,*,#943,.F.);
#1557=ORIENTED_EDGE('',*,*,#1017,.F.);
#1558=ORIENTED_EDGE('',*,*,#1154,.F.);
#1559=ORIENTED_EDGE('',*,*,#1152,.F.);
#1560=ORIENTED_EDGE('',*,*,#1155,.T.);
#1561=ORIENTED_EDGE('',*,*,#1156,.T.);
#1562=ORIENTED_EDGE('',*,*,#940,.F.);
#1563=ORIENTED_EDGE('',*,*,#1020,.F.);
#1564=ORIENTED_EDGE('',*,*,#1157,.F.);
#1565=ORIENTED_EDGE('',*,*,#1015,.T.);
#1566=ORIENTED_EDGE('',*,*,#941,.F.);
#1567=ORIENTED_EDGE('',*,*,#1156,.F.);
#1568=ORIENTED_EDGE('',*,*,#1158,.F.);
#1569=ORIENTED_EDGE('',*,*,#1018,.T.);
#1570=ORIENTED_EDGE('',*,*,#938,.F.);
#1571=ORIENTED_EDGE('',*,*,#1023,.F.);
#1572=ORIENTED_EDGE('',*,*,#1159,.F.);
#1573=ORIENTED_EDGE('',*,*,#1160,.T.);
#1574=ORIENTED_EDGE('',*,*,#1161,.F.);
#1575=ORIENTED_EDGE('',*,*,#1162,.F.);
#1576=ORIENTED_EDGE('',*,*,#1163,.F.);
#1577=ORIENTED_EDGE('',*,*,#1162,.T.);
#1578=ORIENTED_EDGE('',*,*,#1164,.F.);
#1579=ORIENTED_EDGE('',*,*,#1165,.F.);
#1580=ORIENTED_EDGE('',*,*,#1166,.F.);
#1581=ORIENTED_EDGE('',*,*,#1165,.T.);
#1582=ORIENTED_EDGE('',*,*,#1167,.F.);
#1583=ORIENTED_EDGE('',*,*,#1168,.F.);
#1584=ORIENTED_EDGE('',*,*,#1169,.F.);
#1585=ORIENTED_EDGE('',*,*,#1168,.T.);
#1586=ORIENTED_EDGE('',*,*,#1170,.F.);
#1587=ORIENTED_EDGE('',*,*,#1160,.F.);
#1588=ORIENTED_EDGE('',*,*,#1161,.T.);
#1589=ORIENTED_EDGE('',*,*,#1170,.T.);
#1590=ORIENTED_EDGE('',*,*,#1167,.T.);
#1591=ORIENTED_EDGE('',*,*,#1164,.T.);
#1592=ORIENTED_EDGE('',*,*,#1151,.T.);
#1593=ORIENTED_EDGE('',*,*,#1155,.F.);
#1594=ORIENTED_EDGE('',*,*,#1100,.F.);
#1595=ORIENTED_EDGE('',*,*,#1103,.F.);
#1596=ORIENTED_EDGE('',*,*,#1106,.F.);
#1597=ORIENTED_EDGE('',*,*,#1109,.F.);
#1598=ORIENTED_EDGE('',*,*,#1112,.F.);
#1599=ORIENTED_EDGE('',*,*,#1115,.F.);
#1600=ORIENTED_EDGE('',*,*,#1118,.F.);
#1601=ORIENTED_EDGE('',*,*,#1121,.F.);
#1602=ORIENTED_EDGE('',*,*,#1048,.T.);
#1603=ORIENTED_EDGE('',*,*,#1124,.T.);
#1604=ORIENTED_EDGE('',*,*,#1128,.T.);
#1605=ORIENTED_EDGE('',*,*,#1132,.T.);
#1606=ORIENTED_EDGE('',*,*,#1136,.T.);
#1607=ORIENTED_EDGE('',*,*,#1073,.T.);
#1608=ORIENTED_EDGE('',*,*,#1140,.T.);
#1609=ORIENTED_EDGE('',*,*,#1014,.F.);
#1610=ORIENTED_EDGE('',*,*,#1012,.F.);
#1611=ORIENTED_EDGE('',*,*,#1010,.F.);
#1612=ORIENTED_EDGE('',*,*,#1008,.F.);
#1613=ORIENTED_EDGE('',*,*,#1006,.F.);
#1614=ORIENTED_EDGE('',*,*,#1004,.F.);
#1615=ORIENTED_EDGE('',*,*,#1002,.F.);
#1616=ORIENTED_EDGE('',*,*,#1000,.F.);
#1617=ORIENTED_EDGE('',*,*,#998,.F.);
#1618=ORIENTED_EDGE('',*,*,#996,.F.);
#1619=ORIENTED_EDGE('',*,*,#994,.F.);
#1620=ORIENTED_EDGE('',*,*,#992,.F.);
#1621=ORIENTED_EDGE('',*,*,#990,.F.);
#1622=ORIENTED_EDGE('',*,*,#988,.F.);
#1623=ORIENTED_EDGE('',*,*,#986,.F.);
#1624=ORIENTED_EDGE('',*,*,#984,.F.);
#1625=ORIENTED_EDGE('',*,*,#982,.F.);
#1626=ORIENTED_EDGE('',*,*,#980,.F.);
#1627=ORIENTED_EDGE('',*,*,#1063,.T.);
#1628=ORIENTED_EDGE('',*,*,#1088,.T.);
#1629=ORIENTED_EDGE('',*,*,#1091,.T.);
#1630=ORIENTED_EDGE('',*,*,#1144,.T.);
#1631=ORIENTED_EDGE('',*,*,#1079,.T.);
#1632=ORIENTED_EDGE('',*,*,#1082,.T.);
#1633=ORIENTED_EDGE('',*,*,#1094,.T.);
#1634=ORIENTED_EDGE('',*,*,#1097,.T.);
#1635=ORIENTED_EDGE('',*,*,#1022,.F.);
#1636=ORIENTED_EDGE('',*,*,#1102,.T.);
#1637=ORIENTED_EDGE('',*,*,#1025,.T.);
#1638=ORIENTED_EDGE('',*,*,#1105,.T.);
#1639=ORIENTED_EDGE('',*,*,#1028,.T.);
#1640=ORIENTED_EDGE('',*,*,#1108,.T.);
#1641=ORIENTED_EDGE('',*,*,#1031,.T.);
#1642=ORIENTED_EDGE('',*,*,#1111,.T.);
#1643=ORIENTED_EDGE('',*,*,#1034,.T.);
#1644=ORIENTED_EDGE('',*,*,#1114,.T.);
#1645=ORIENTED_EDGE('',*,*,#1037,.T.);
#1646=ORIENTED_EDGE('',*,*,#1117,.T.);
#1647=ORIENTED_EDGE('',*,*,#1040,.T.);
#1648=ORIENTED_EDGE('',*,*,#1120,.T.);
#1649=ORIENTED_EDGE('',*,*,#1043,.T.);
#1650=ORIENTED_EDGE('',*,*,#1123,.T.);
#1651=ORIENTED_EDGE('',*,*,#1046,.T.);
#1652=ORIENTED_EDGE('',*,*,#1051,.T.);
#1653=ORIENTED_EDGE('',*,*,#1053,.T.);
#1654=ORIENTED_EDGE('',*,*,#1126,.T.);
#1655=ORIENTED_EDGE('',*,*,#1127,.T.);
#1656=ORIENTED_EDGE('',*,*,#1055,.T.);
#1657=ORIENTED_EDGE('',*,*,#1130,.T.);
#1658=ORIENTED_EDGE('',*,*,#1131,.T.);
#1659=ORIENTED_EDGE('',*,*,#1058,.T.);
#1660=ORIENTED_EDGE('',*,*,#1134,.T.);
#1661=ORIENTED_EDGE('',*,*,#1135,.T.);
#1662=ORIENTED_EDGE('',*,*,#1061,.T.);
#1663=ORIENTED_EDGE('',*,*,#1138,.T.);
#1664=ORIENTED_EDGE('',*,*,#1139,.T.);
#1665=ORIENTED_EDGE('',*,*,#1067,.T.);
#1666=ORIENTED_EDGE('',*,*,#1070,.T.);
#1667=ORIENTED_EDGE('',*,*,#1072,.T.);
#1668=ORIENTED_EDGE('',*,*,#1076,.T.);
#1669=ORIENTED_EDGE('',*,*,#1078,.T.);
#1670=ORIENTED_EDGE('',*,*,#1142,.T.);
#1671=ORIENTED_EDGE('',*,*,#1143,.T.);
#1672=ORIENTED_EDGE('',*,*,#1086,.T.);
#1673=ORIENTED_EDGE('',*,*,#1146,.T.);
#1674=ORIENTED_EDGE('',*,*,#1148,.T.);
#1675=ORIENTED_EDGE('',*,*,#1150,.T.);
#1676=ORIENTED_EDGE('',*,*,#1153,.T.);
#1677=ORIENTED_EDGE('',*,*,#1154,.T.);
#1678=ORIENTED_EDGE('',*,*,#1016,.T.);
#1679=ORIENTED_EDGE('',*,*,#1157,.T.);
#1680=ORIENTED_EDGE('',*,*,#1019,.T.);
#1681=ORIENTED_EDGE('',*,*,#1158,.T.);
#1682=ORIENTED_EDGE('',*,*,#1163,.T.);
#1683=ORIENTED_EDGE('',*,*,#1166,.T.);
#1684=ORIENTED_EDGE('',*,*,#1169,.T.);
#1685=ORIENTED_EDGE('',*,*,#1159,.T.);
#1686=ORIENTED_EDGE('',*,*,#1099,.F.);
#1687=ORIENTED_EDGE('',*,*,#1096,.F.);
#1688=ORIENTED_EDGE('',*,*,#1084,.F.);
#1689=ORIENTED_EDGE('',*,*,#1093,.F.);
#1690=ORIENTED_EDGE('',*,*,#1081,.F.);
#1691=ORIENTED_EDGE('',*,*,#1090,.F.);
#1692=ORIENTED_EDGE('',*,*,#1065,.F.);
#1693=PLANE('',#1806);
#1694=PLANE('',#1890);
#1695=PLANE('',#1891);
#1696=PLANE('',#1892);
#1697=PLANE('',#1893);
#1698=PLANE('',#1894);
#1699=PLANE('',#1895);
#1700=PLANE('',#1896);
#1701=PLANE('',#1897);
#1702=PLANE('',#1898);
#1703=PLANE('',#1899);
#1704=PLANE('',#1900);
#1705=PLANE('',#1904);
#1706=PLANE('',#1905);
#1707=PLANE('',#1906);
#1708=PLANE('',#1907);
#1709=PLANE('',#1911);
#1710=PLANE('',#1912);
#1711=PLANE('',#1913);
#1712=PLANE('',#1917);
#1713=PLANE('',#1924);
#1714=PLANE('',#1985);
#1715=PLANE('',#1993);
#1716=PLANE('',#1994);
#1717=PLANE('',#1995);
#1718=PLANE('',#1996);
#1719=PLANE('',#1997);
#1720=PLANE('',#1998);
#1721=ADVANCED_FACE('',(#126,#58,#59,#60,#61,#62,#63,#64,#65,#66,#67,#68,
#69,#70,#71,#72,#73,#74,#75),#1693,.F.);
#1722=ADVANCED_FACE('',(#127),#15,.F.);
#1723=ADVANCED_FACE('',(#128),#16,.F.);
#1724=ADVANCED_FACE('',(#129),#17,.F.);
#1725=ADVANCED_FACE('',(#130),#18,.F.);
#1726=ADVANCED_FACE('',(#131),#19,.F.);
#1727=ADVANCED_FACE('',(#132),#20,.F.);
#1728=ADVANCED_FACE('',(#133),#21,.F.);
#1729=ADVANCED_FACE('',(#134),#22,.F.);
#1730=ADVANCED_FACE('',(#135),#23,.F.);
#1731=ADVANCED_FACE('',(#136),#24,.F.);
#1732=ADVANCED_FACE('',(#137),#25,.F.);
#1733=ADVANCED_FACE('',(#138),#26,.F.);
#1734=ADVANCED_FACE('',(#139),#27,.F.);
#1735=ADVANCED_FACE('',(#140),#28,.F.);
#1736=ADVANCED_FACE('',(#141),#29,.F.);
#1737=ADVANCED_FACE('',(#142),#30,.F.);
#1738=ADVANCED_FACE('',(#143),#31,.F.);
#1739=ADVANCED_FACE('',(#144),#32,.F.);
#1740=ADVANCED_FACE('',(#145),#1694,.T.);
#1741=ADVANCED_FACE('',(#146),#1695,.T.);
#1742=ADVANCED_FACE('',(#147),#1696,.T.);
#1743=ADVANCED_FACE('',(#148),#1697,.T.);
#1744=ADVANCED_FACE('',(#149),#1698,.T.);
#1745=ADVANCED_FACE('',(#150),#1699,.T.);
#1746=ADVANCED_FACE('',(#151),#1700,.T.);
#1747=ADVANCED_FACE('',(#152),#1701,.T.);
#1748=ADVANCED_FACE('',(#153),#1702,.T.);
#1749=ADVANCED_FACE('',(#154),#1703,.T.);
#1750=ADVANCED_FACE('',(#155),#1704,.T.);
#1751=ADVANCED_FACE('',(#156),#33,.F.);
#1752=ADVANCED_FACE('',(#157),#1705,.T.);
#1753=ADVANCED_FACE('',(#158),#1706,.T.);
#1754=ADVANCED_FACE('',(#159),#1707,.T.);
#1755=ADVANCED_FACE('',(#160),#1708,.T.);
#1756=ADVANCED_FACE('',(#161),#34,.F.);
#1757=ADVANCED_FACE('',(#162),#1709,.T.);
#1758=ADVANCED_FACE('',(#163),#1710,.T.);
#1759=ADVANCED_FACE('',(#164),#1711,.T.);
#1760=ADVANCED_FACE('',(#165),#35,.F.);
#1761=ADVANCED_FACE('',(#166),#1712,.T.);
#1762=ADVANCED_FACE('',(#167),#36,.F.);
#1763=ADVANCED_FACE('',(#168),#37,.F.);
#1764=ADVANCED_FACE('',(#169),#1713,.T.);
#1765=ADVANCED_FACE('',(#170),#38,.F.);
#1766=ADVANCED_FACE('',(#171),#39,.F.);
#1767=ADVANCED_FACE('',(#172),#40,.F.);
#1768=ADVANCED_FACE('',(#173),#41,.F.);
#1769=ADVANCED_FACE('',(#174),#42,.F.);
#1770=ADVANCED_FACE('',(#175),#43,.F.);
#1771=ADVANCED_FACE('',(#176),#44,.F.);
#1772=ADVANCED_FACE('',(#177),#45,.F.);
#1773=ADVANCED_FACE('',(#178),#46,.F.);
#1774=ADVANCED_FACE('',(#179),#47,.F.);
#1775=ADVANCED_FACE('',(#180),#48,.F.);
#1776=ADVANCED_FACE('',(#181),#49,.F.);
#1777=ADVANCED_FACE('',(#182),#50,.F.);
#1778=ADVANCED_FACE('',(#183),#51,.F.);
#1779=ADVANCED_FACE('',(#184),#52,.F.);
#1780=ADVANCED_FACE('',(#185),#53,.F.);
#1781=ADVANCED_FACE('',(#186),#54,.F.);
#1782=ADVANCED_FACE('',(#187),#55,.F.);
#1783=ADVANCED_FACE('',(#188),#1714,.T.);
#1784=ADVANCED_FACE('',(#189),#56,.F.);
#1785=ADVANCED_FACE('',(#190),#57,.F.);
#1786=ADVANCED_FACE('',(#191),#1715,.T.);
#1787=ADVANCED_FACE('',(#192),#1716,.T.);
#1788=ADVANCED_FACE('',(#193),#1717,.T.);
#1789=ADVANCED_FACE('',(#194),#1718,.T.);
#1790=ADVANCED_FACE('',(#195,#76,#77,#78,#79,#80,#81,#82,#83,#84,#85,#86,
#87,#88,#89,#90,#91,#92,#93,#94,#95,#96,#97,#98,#99,#100,#101,#102,#103,
#104,#105,#106,#107,#108,#109,#110,#111,#112,#113,#114,#115,#116,#117,#118),
#1719,.T.);
#1791=ADVANCED_FACE('',(#196,#119,#120,#121,#122,#123,#124,#125),#1720,
 .F.);
#1792=CLOSED_SHELL('',(#1721,#1722,#1723,#1724,#1725,#1726,#1727,#1728,
#1729,#1730,#1731,#1732,#1733,#1734,#1735,#1736,#1737,#1738,#1739,#1740,
#1741,#1742,#1743,#1744,#1745,#1746,#1747,#1748,#1749,#1750,#1751,#1752,
#1753,#1754,#1755,#1756,#1757,#1758,#1759,#1760,#1761,#1762,#1763,#1764,
#1765,#1766,#1767,#1768,#1769,#1770,#1771,#1772,#1773,#1774,#1775,#1776,
#1777,#1778,#1779,#1780,#1781,#1782,#1783,#1784,#1785,#1786,#1787,#1788,
#1789,#1790,#1791));
#1793=DERIVED_UNIT_ELEMENT(#1795,1.);
#1794=DERIVED_UNIT_ELEMENT(#3038,-3.);
#1795=(
MASS_UNIT()
NAMED_UNIT(*)
SI_UNIT(.KILO.,.GRAM.)
);
#1796=DERIVED_UNIT((#1793,#1794));
#1797=MEASURE_REPRESENTATION_ITEM('density measure',
POSITIVE_RATIO_MEASURE(7850.),#1796);
#1798=PROPERTY_DEFINITION_REPRESENTATION(#1803,#1800);
#1799=PROPERTY_DEFINITION_REPRESENTATION(#1804,#1801);
#1800=REPRESENTATION('material name',(#1802),#3035);
#1801=REPRESENTATION('density',(#1797),#3035);
#1802=DESCRIPTIVE_REPRESENTATION_ITEM('Steel','Steel');
#1803=PROPERTY_DEFINITION('material property','material name',#3045);
#1804=PROPERTY_DEFINITION('material property','density of part',#3045);
#1805=AXIS2_PLACEMENT_3D('',#2526,#1999,#2000);
#1806=AXIS2_PLACEMENT_3D('',#2527,#2001,#2002);
#1807=AXIS2_PLACEMENT_3D('',#2532,#2004,#2005);
#1808=AXIS2_PLACEMENT_3D('',#2534,#2006,#2007);
#1809=AXIS2_PLACEMENT_3D('',#2538,#2009,#2010);
#1810=AXIS2_PLACEMENT_3D('',#2540,#2011,#2012);
#1811=AXIS2_PLACEMENT_3D('',#2544,#2014,#2015);
#1812=AXIS2_PLACEMENT_3D('',#2546,#2016,#2017);
#1813=AXIS2_PLACEMENT_3D('',#2550,#2019,#2020);
#1814=AXIS2_PLACEMENT_3D('',#2552,#2021,#2022);
#1815=AXIS2_PLACEMENT_3D('',#2556,#2024,#2025);
#1816=AXIS2_PLACEMENT_3D('',#2558,#2026,#2027);
#1817=AXIS2_PLACEMENT_3D('',#2562,#2029,#2030);
#1818=AXIS2_PLACEMENT_3D('',#2564,#2031,#2032);
#1819=AXIS2_PLACEMENT_3D('',#2568,#2034,#2035);
#1820=AXIS2_PLACEMENT_3D('',#2570,#2036,#2037);
#1821=AXIS2_PLACEMENT_3D('',#2574,#2039,#2040);
#1822=AXIS2_PLACEMENT_3D('',#2576,#2041,#2042);
#1823=AXIS2_PLACEMENT_3D('',#2580,#2044,#2045);
#1824=AXIS2_PLACEMENT_3D('',#2582,#2046,#2047);
#1825=AXIS2_PLACEMENT_3D('',#2590,#2051,#2052);
#1826=AXIS2_PLACEMENT_3D('',#2592,#2053,#2054);
#1827=AXIS2_PLACEMENT_3D('',#2596,#2056,#2057);
#1828=AXIS2_PLACEMENT_3D('',#2600,#2059,#2060);
#1829=AXIS2_PLACEMENT_3D('',#2604,#2062,#2063);
#1830=AXIS2_PLACEMENT_3D('',#2608,#2065,#2066);
#1831=AXIS2_PLACEMENT_3D('',#2610,#2067,#2068);
#1832=AXIS2_PLACEMENT_3D('',#2618,#2072,#2073);
#1833=AXIS2_PLACEMENT_3D('',#2622,#2075,#2076);
#1834=AXIS2_PLACEMENT_3D('',#2626,#2078,#2079);
#1835=AXIS2_PLACEMENT_3D('',#2629,#2081,#2082);
#1836=AXIS2_PLACEMENT_3D('',#2631,#2083,#2084);
#1837=AXIS2_PLACEMENT_3D('',#2633,#2085,#2086);
#1838=AXIS2_PLACEMENT_3D('',#2635,#2087,#2088);
#1839=AXIS2_PLACEMENT_3D('',#2637,#2089,#2090);
#1840=AXIS2_PLACEMENT_3D('',#2639,#2091,#2092);
#1841=AXIS2_PLACEMENT_3D('',#2641,#2093,#2094);
#1842=AXIS2_PLACEMENT_3D('',#2643,#2095,#2096);
#1843=AXIS2_PLACEMENT_3D('',#2645,#2097,#2098);
#1844=AXIS2_PLACEMENT_3D('',#2647,#2099,#2100);
#1845=AXIS2_PLACEMENT_3D('',#2649,#2101,#2102);
#1846=AXIS2_PLACEMENT_3D('',#2651,#2103,#2104);
#1847=AXIS2_PLACEMENT_3D('',#2653,#2105,#2106);
#1848=AXIS2_PLACEMENT_3D('',#2655,#2107,#2108);
#1849=AXIS2_PLACEMENT_3D('',#2657,#2109,#2110);
#1850=AXIS2_PLACEMENT_3D('',#2659,#2111,#2112);
#1851=AXIS2_PLACEMENT_3D('',#2661,#2113,#2114);
#1852=AXIS2_PLACEMENT_3D('',#2663,#2115,#2116);
#1853=AXIS2_PLACEMENT_3D('',#2665,#2117,#2118);
#1854=AXIS2_PLACEMENT_3D('',#2666,#2119,#2120);
#1855=AXIS2_PLACEMENT_3D('',#2669,#2122,#2123);
#1856=AXIS2_PLACEMENT_3D('',#2670,#2124,#2125);
#1857=AXIS2_PLACEMENT_3D('',#2673,#2127,#2128);
#1858=AXIS2_PLACEMENT_3D('',#2674,#2129,#2130);
#1859=AXIS2_PLACEMENT_3D('',#2677,#2132,#2133);
#1860=AXIS2_PLACEMENT_3D('',#2678,#2134,#2135);
#1861=AXIS2_PLACEMENT_3D('',#2681,#2137,#2138);
#1862=AXIS2_PLACEMENT_3D('',#2682,#2139,#2140);
#1863=AXIS2_PLACEMENT_3D('',#2685,#2142,#2143);
#1864=AXIS2_PLACEMENT_3D('',#2686,#2144,#2145);
#1865=AXIS2_PLACEMENT_3D('',#2689,#2147,#2148);
#1866=AXIS2_PLACEMENT_3D('',#2690,#2149,#2150);
#1867=AXIS2_PLACEMENT_3D('',#2693,#2152,#2153);
#1868=AXIS2_PLACEMENT_3D('',#2694,#2154,#2155);
#1869=AXIS2_PLACEMENT_3D('',#2697,#2157,#2158);
#1870=AXIS2_PLACEMENT_3D('',#2698,#2159,#2160);
#1871=AXIS2_PLACEMENT_3D('',#2701,#2162,#2163);
#1872=AXIS2_PLACEMENT_3D('',#2702,#2164,#2165);
#1873=AXIS2_PLACEMENT_3D('',#2705,#2167,#2168);
#1874=AXIS2_PLACEMENT_3D('',#2706,#2169,#2170);
#1875=AXIS2_PLACEMENT_3D('',#2709,#2172,#2173);
#1876=AXIS2_PLACEMENT_3D('',#2710,#2174,#2175);
#1877=AXIS2_PLACEMENT_3D('',#2713,#2177,#2178);
#1878=AXIS2_PLACEMENT_3D('',#2714,#2179,#2180);
#1879=AXIS2_PLACEMENT_3D('',#2717,#2182,#2183);
#1880=AXIS2_PLACEMENT_3D('',#2718,#2184,#2185);
#1881=AXIS2_PLACEMENT_3D('',#2721,#2187,#2188);
#1882=AXIS2_PLACEMENT_3D('',#2722,#2189,#2190);
#1883=AXIS2_PLACEMENT_3D('',#2725,#2192,#2193);
#1884=AXIS2_PLACEMENT_3D('',#2726,#2194,#2195);
#1885=AXIS2_PLACEMENT_3D('',#2729,#2197,#2198);
#1886=AXIS2_PLACEMENT_3D('',#2730,#2199,#2200);
#1887=AXIS2_PLACEMENT_3D('',#2733,#2202,#2203);
#1888=AXIS2_PLACEMENT_3D('',#2734,#2204,#2205);
#1889=AXIS2_PLACEMENT_3D('',#2737,#2207,#2208);
#1890=AXIS2_PLACEMENT_3D('',#2738,#2209,#2210);
#1891=AXIS2_PLACEMENT_3D('',#2744,#2214,#2215);
#1892=AXIS2_PLACEMENT_3D('',#2750,#2219,#2220);
#1893=AXIS2_PLACEMENT_3D('',#2756,#2224,#2225);
#1894=AXIS2_PLACEMENT_3D('',#2762,#2229,#2230);
#1895=AXIS2_PLACEMENT_3D('',#2768,#2234,#2235);
#1896=AXIS2_PLACEMENT_3D('',#2774,#2239,#2240);
#1897=AXIS2_PLACEMENT_3D('',#2780,#2244,#2245);
#1898=AXIS2_PLACEMENT_3D('',#2786,#2249,#2250);
#1899=AXIS2_PLACEMENT_3D('',#2792,#2254,#2255);
#1900=AXIS2_PLACEMENT_3D('',#2798,#2259,#2260);
#1901=AXIS2_PLACEMENT_3D('',#2804,#2264,#2265);
#1902=AXIS2_PLACEMENT_3D('',#2806,#2266,#2267);
#1903=AXIS2_PLACEMENT_3D('',#2810,#2270,#2271);
#1904=AXIS2_PLACEMENT_3D('',#2811,#2272,#2273);
#1905=AXIS2_PLACEMENT_3D('',#2815,#2276,#2277);
#1906=AXIS2_PLACEMENT_3D('',#2821,#2281,#2282);
#1907=AXIS2_PLACEMENT_3D('',#2827,#2286,#2287);
#1908=AXIS2_PLACEMENT_3D('',#2833,#2291,#2292);
#1909=AXIS2_PLACEMENT_3D('',#2835,#2293,#2294);
#1910=AXIS2_PLACEMENT_3D('',#2838,#2296,#2297);
#1911=AXIS2_PLACEMENT_3D('',#2839,#2298,#2299);
#1912=AXIS2_PLACEMENT_3D('',#2845,#2303,#2304);
#1913=AXIS2_PLACEMENT_3D('',#2849,#2307,#2308);
#1914=AXIS2_PLACEMENT_3D('',#2853,#2311,#2312);
#1915=AXIS2_PLACEMENT_3D('',#2855,#2313,#2314);
#1916=AXIS2_PLACEMENT_3D('',#2859,#2317,#2318);
#1917=AXIS2_PLACEMENT_3D('',#2860,#2319,#2320);
#1918=AXIS2_PLACEMENT_3D('',#2864,#2323,#2324);
#1919=AXIS2_PLACEMENT_3D('',#2866,#2325,#2326);
#1920=AXIS2_PLACEMENT_3D('',#2869,#2328,#2329);
#1921=AXIS2_PLACEMENT_3D('',#2870,#2330,#2331);
#1922=AXIS2_PLACEMENT_3D('',#2872,#2332,#2333);
#1923=AXIS2_PLACEMENT_3D('',#2875,#2335,#2336);
#1924=AXIS2_PLACEMENT_3D('',#2876,#2337,#2338);
#1925=AXIS2_PLACEMENT_3D('',#2882,#2342,#2343);
#1926=AXIS2_PLACEMENT_3D('',#2884,#2344,#2345);
#1927=AXIS2_PLACEMENT_3D('',#2887,#2347,#2348);
#1928=AXIS2_PLACEMENT_3D('',#2888,#2349,#2350);
#1929=AXIS2_PLACEMENT_3D('',#2890,#2351,#2352);
#1930=AXIS2_PLACEMENT_3D('',#2893,#2354,#2355);
#1931=AXIS2_PLACEMENT_3D('',#2894,#2356,#2357);
#1932=AXIS2_PLACEMENT_3D('',#2896,#2358,#2359);
#1933=AXIS2_PLACEMENT_3D('',#2899,#2361,#2362);
#1934=AXIS2_PLACEMENT_3D('',#2900,#2363,#2364);
#1935=AXIS2_PLACEMENT_3D('',#2902,#2365,#2366);
#1936=AXIS2_PLACEMENT_3D('',#2905,#2368,#2369);
#1937=AXIS2_PLACEMENT_3D('',#2906,#2370,#2371);
#1938=AXIS2_PLACEMENT_3D('',#2908,#2372,#2373);
#1939=AXIS2_PLACEMENT_3D('',#2910,#2375,#2376);
#1940=AXIS2_PLACEMENT_3D('',#2911,#2377,#2378);
#1941=AXIS2_PLACEMENT_3D('',#2913,#2379,#2380);
#1942=AXIS2_PLACEMENT_3D('',#2915,#2382,#2383);
#1943=AXIS2_PLACEMENT_3D('',#2916,#2384,#2385);
#1944=AXIS2_PLACEMENT_3D('',#2918,#2386,#2387);
#1945=AXIS2_PLACEMENT_3D('',#2920,#2389,#2390);
#1946=AXIS2_PLACEMENT_3D('',#2921,#2391,#2392);
#1947=AXIS2_PLACEMENT_3D('',#2923,#2393,#2394);
#1948=AXIS2_PLACEMENT_3D('',#2925,#2396,#2397);
#1949=AXIS2_PLACEMENT_3D('',#2926,#2398,#2399);
#1950=AXIS2_PLACEMENT_3D('',#2928,#2400,#2401);
#1951=AXIS2_PLACEMENT_3D('',#2930,#2403,#2404);
#1952=AXIS2_PLACEMENT_3D('',#2931,#2405,#2406);
#1953=AXIS2_PLACEMENT_3D('',#2933,#2407,#2408);
#1954=AXIS2_PLACEMENT_3D('',#2935,#2410,#2411);
#1955=AXIS2_PLACEMENT_3D('',#2936,#2412,#2413);
#1956=AXIS2_PLACEMENT_3D('',#2938,#2414,#2415);
#1957=AXIS2_PLACEMENT_3D('',#2940,#2417,#2418);
#1958=AXIS2_PLACEMENT_3D('',#2941,#2419,#2420);
#1959=AXIS2_PLACEMENT_3D('',#2943,#2421,#2422);
#1960=AXIS2_PLACEMENT_3D('',#2945,#2424,#2425);
#1961=AXIS2_PLACEMENT_3D('',#2946,#2426,#2427);
#1962=AXIS2_PLACEMENT_3D('',#2948,#2428,#2429);
#1963=AXIS2_PLACEMENT_3D('',#2951,#2431,#2432);
#1964=AXIS2_PLACEMENT_3D('',#2952,#2433,#2434);
#1965=AXIS2_PLACEMENT_3D('',#2953,#2435,#2436);
#1966=AXIS2_PLACEMENT_3D('',#2955,#2437,#2438);
#1967=AXIS2_PLACEMENT_3D('',#2958,#2440,#2441);
#1968=AXIS2_PLACEMENT_3D('',#2959,#2442,#2443);
#1969=AXIS2_PLACEMENT_3D('',#2960,#2444,#2445);
#1970=AXIS2_PLACEMENT_3D('',#2962,#2446,#2447);
#1971=AXIS2_PLACEMENT_3D('',#2965,#2449,#2450);
#1972=AXIS2_PLACEMENT_3D('',#2966,#2451,#2452);
#1973=AXIS2_PLACEMENT_3D('',#2967,#2453,#2454);
#1974=AXIS2_PLACEMENT_3D('',#2969,#2455,#2456);
#1975=AXIS2_PLACEMENT_3D('',#2972,#2458,#2459);
#1976=AXIS2_PLACEMENT_3D('',#2973,#2460,#2461);
#1977=AXIS2_PLACEMENT_3D('',#2974,#2462,#2463);
#1978=AXIS2_PLACEMENT_3D('',#2976,#2464,#2465);
#1979=AXIS2_PLACEMENT_3D('',#2979,#2467,#2468);
#1980=AXIS2_PLACEMENT_3D('',#2980,#2469,#2470);
#1981=AXIS2_PLACEMENT_3D('',#2981,#2471,#2472);
#1982=AXIS2_PLACEMENT_3D('',#2983,#2473,#2474);
#1983=AXIS2_PLACEMENT_3D('',#2986,#2476,#2477);
#1984=AXIS2_PLACEMENT_3D('',#2989,#2479,#2480);
#1985=AXIS2_PLACEMENT_3D('',#2990,#2481,#2482);
#1986=AXIS2_PLACEMENT_3D('',#2994,#2485,#2486);
#1987=AXIS2_PLACEMENT_3D('',#2996,#2487,#2488);
#1988=AXIS2_PLACEMENT_3D('',#2999,#2490,#2491);
#1989=AXIS2_PLACEMENT_3D('',#3000,#2492,#2493);
#1990=AXIS2_PLACEMENT_3D('',#3001,#2494,#2495);
#1991=AXIS2_PLACEMENT_3D('',#3003,#2496,#2497);
#1992=AXIS2_PLACEMENT_3D('',#3005,#2499,#2500);
#1993=AXIS2_PLACEMENT_3D('',#3006,#2501,#2502);
#1994=AXIS2_PLACEMENT_3D('',#3016,#2508,#2509);
#1995=AXIS2_PLACEMENT_3D('',#3022,#2513,#2514);
#1996=AXIS2_PLACEMENT_3D('',#3028,#2518,#2519);
#1997=AXIS2_PLACEMENT_3D('',#3031,#2522,#2523);
#1998=AXIS2_PLACEMENT_3D('',#3032,#2524,#2525);
#1999=DIRECTION('axis',(0.,0.,1.));
#2000=DIRECTION('refdir',(1.,0.,0.));
#2001=DIRECTION('center_axis',(0.,0.,1.));
#2002=DIRECTION('ref_axis',(1.,0.,0.));
#2003=DIRECTION('',(1.,0.,0.));
#2004=DIRECTION('center_axis',(0.,0.,1.));
#2005=DIRECTION('ref_axis',(-1.,0.,0.));
#2006=DIRECTION('center_axis',(0.,0.,1.));
#2007=DIRECTION('ref_axis',(-1.,0.,0.));
#2008=DIRECTION('',(1.,0.,0.));
#2009=DIRECTION('center_axis',(0.,0.,1.));
#2010=DIRECTION('ref_axis',(-1.,0.,0.));
#2011=DIRECTION('center_axis',(0.,0.,1.));
#2012=DIRECTION('ref_axis',(-1.,0.,0.));
#2013=DIRECTION('',(1.,0.,0.));
#2014=DIRECTION('center_axis',(0.,0.,1.));
#2015=DIRECTION('ref_axis',(-1.,0.,0.));
#2016=DIRECTION('center_axis',(0.,0.,1.));
#2017=DIRECTION('ref_axis',(-1.,0.,0.));
#2018=DIRECTION('',(1.,0.,0.));
#2019=DIRECTION('center_axis',(0.,0.,1.));
#2020=DIRECTION('ref_axis',(-1.,0.,0.));
#2021=DIRECTION('center_axis',(0.,0.,1.));
#2022=DIRECTION('ref_axis',(-1.,0.,0.));
#2023=DIRECTION('',(1.,0.,0.));
#2024=DIRECTION('center_axis',(0.,0.,1.));
#2025=DIRECTION('ref_axis',(-1.,0.,0.));
#2026=DIRECTION('center_axis',(0.,0.,1.));
#2027=DIRECTION('ref_axis',(-1.,0.,0.));
#2028=DIRECTION('',(1.,0.,0.));
#2029=DIRECTION('center_axis',(0.,0.,1.));
#2030=DIRECTION('ref_axis',(-1.,0.,0.));
#2031=DIRECTION('center_axis',(0.,0.,1.));
#2032=DIRECTION('ref_axis',(-1.,0.,0.));
#2033=DIRECTION('',(1.,0.,0.));
#2034=DIRECTION('center_axis',(0.,0.,1.));
#2035=DIRECTION('ref_axis',(-1.,0.,0.));
#2036=DIRECTION('center_axis',(0.,0.,1.));
#2037=DIRECTION('ref_axis',(-1.,0.,0.));
#2038=DIRECTION('',(1.,0.,0.));
#2039=DIRECTION('center_axis',(0.,0.,1.));
#2040=DIRECTION('ref_axis',(-1.,0.,0.));
#2041=DIRECTION('center_axis',(0.,0.,1.));
#2042=DIRECTION('ref_axis',(-1.,0.,0.));
#2043=DIRECTION('',(1.,0.,0.));
#2044=DIRECTION('center_axis',(0.,0.,1.));
#2045=DIRECTION('ref_axis',(-1.,0.,0.));
#2046=DIRECTION('center_axis',(0.,0.,1.));
#2047=DIRECTION('ref_axis',(-1.,0.,0.));
#2048=DIRECTION('',(1.,0.,0.));
#2049=DIRECTION('',(0.,1.,0.));
#2050=DIRECTION('',(-1.,0.,0.));
#2051=DIRECTION('center_axis',(0.,0.,1.));
#2052=DIRECTION('ref_axis',(-1.,0.,0.));
#2053=DIRECTION('center_axis',(0.,0.,1.));
#2054=DIRECTION('ref_axis',(-1.,0.,0.));
#2055=DIRECTION('',(-1.,0.,0.));
#2056=DIRECTION('center_axis',(0.,0.,1.));
#2057=DIRECTION('ref_axis',(-1.,0.,0.));
#2058=DIRECTION('',(-1.,0.,0.));
#2059=DIRECTION('center_axis',(0.,0.,1.));
#2060=DIRECTION('ref_axis',(-1.,0.,0.));
#2061=DIRECTION('',(-1.,0.,0.));
#2062=DIRECTION('center_axis',(0.,0.,1.));
#2063=DIRECTION('ref_axis',(-1.,0.,0.));
#2064=DIRECTION('',(-1.,0.,0.));
#2065=DIRECTION('center_axis',(0.,0.,1.));
#2066=DIRECTION('ref_axis',(-1.,0.,0.));
#2067=DIRECTION('center_axis',(0.,0.,1.));
#2068=DIRECTION('ref_axis',(-1.,0.,0.));
#2069=DIRECTION('',(-1.,0.,0.));
#2070=DIRECTION('',(0.,1.,0.));
#2071=DIRECTION('',(1.,0.,0.));
#2072=DIRECTION('center_axis',(0.,0.,1.));
#2073=DIRECTION('ref_axis',(-1.,0.,0.));
#2074=DIRECTION('',(1.,0.,0.));
#2075=DIRECTION('center_axis',(0.,0.,1.));
#2076=DIRECTION('ref_axis',(-1.,0.,0.));
#2077=DIRECTION('',(1.,0.,0.));
#2078=DIRECTION('center_axis',(0.,0.,1.));
#2079=DIRECTION('ref_axis',(-1.,0.,0.));
#2080=DIRECTION('',(1.,0.,0.));
#2081=DIRECTION('center_axis',(0.,0.,1.));
#2082=DIRECTION('ref_axis',(-1.,0.,0.));
#2083=DIRECTION('center_axis',(0.,0.,1.));
#2084=DIRECTION('ref_axis',(-1.,0.,0.));
#2085=DIRECTION('center_axis',(0.,0.,1.));
#2086=DIRECTION('ref_axis',(-1.,0.,0.));
#2087=DIRECTION('center_axis',(0.,0.,1.));
#2088=DIRECTION('ref_axis',(-1.,0.,0.));
#2089=DIRECTION('center_axis',(0.,0.,1.));
#2090=DIRECTION('ref_axis',(-1.,0.,0.));
#2091=DIRECTION('center_axis',(0.,0.,1.));
#2092=DIRECTION('ref_axis',(-1.,0.,0.));
#2093=DIRECTION('center_axis',(0.,0.,1.));
#2094=DIRECTION('ref_axis',(-1.,0.,0.));
#2095=DIRECTION('center_axis',(0.,0.,1.));
#2096=DIRECTION('ref_axis',(-1.,0.,0.));
#2097=DIRECTION('center_axis',(0.,0.,1.));
#2098=DIRECTION('ref_axis',(-1.,0.,0.));
#2099=DIRECTION('center_axis',(0.,0.,1.));
#2100=DIRECTION('ref_axis',(-1.,0.,0.));
#2101=DIRECTION('center_axis',(0.,0.,1.));
#2102=DIRECTION('ref_axis',(-1.,0.,0.));
#2103=DIRECTION('center_axis',(0.,0.,1.));
#2104=DIRECTION('ref_axis',(-1.,0.,0.));
#2105=DIRECTION('center_axis',(0.,0.,1.));
#2106=DIRECTION('ref_axis',(-1.,0.,0.));
#2107=DIRECTION('center_axis',(0.,0.,1.));
#2108=DIRECTION('ref_axis',(-1.,0.,0.));
#2109=DIRECTION('center_axis',(0.,0.,1.));
#2110=DIRECTION('ref_axis',(-1.,0.,0.));
#2111=DIRECTION('center_axis',(0.,0.,1.));
#2112=DIRECTION('ref_axis',(-1.,0.,0.));
#2113=DIRECTION('center_axis',(0.,0.,1.));
#2114=DIRECTION('ref_axis',(-1.,0.,0.));
#2115=DIRECTION('center_axis',(0.,0.,1.));
#2116=DIRECTION('ref_axis',(-1.,0.,0.));
#2117=DIRECTION('center_axis',(0.,0.,1.));
#2118=DIRECTION('ref_axis',(-1.,0.,0.));
#2119=DIRECTION('center_axis',(0.,0.,-1.));
#2120=DIRECTION('ref_axis',(-1.,0.,0.));
#2121=DIRECTION('',(0.,0.,1.));
#2122=DIRECTION('center_axis',(0.,0.,1.));
#2123=DIRECTION('ref_axis',(-1.,0.,0.));
#2124=DIRECTION('center_axis',(0.,0.,-1.));
#2125=DIRECTION('ref_axis',(-1.,0.,0.));
#2126=DIRECTION('',(0.,0.,1.));
#2127=DIRECTION('center_axis',(0.,0.,1.));
#2128=DIRECTION('ref_axis',(-1.,0.,0.));
#2129=DIRECTION('center_axis',(0.,0.,-1.));
#2130=DIRECTION('ref_axis',(-1.,0.,0.));
#2131=DIRECTION('',(0.,0.,1.));
#2132=DIRECTION('center_axis',(0.,0.,1.));
#2133=DIRECTION('ref_axis',(-1.,0.,0.));
#2134=DIRECTION('center_axis',(0.,0.,-1.));
#2135=DIRECTION('ref_axis',(-1.,0.,0.));
#2136=DIRECTION('',(0.,0.,1.));
#2137=DIRECTION('center_axis',(0.,0.,1.));
#2138=DIRECTION('ref_axis',(-1.,0.,0.));
#2139=DIRECTION('center_axis',(0.,0.,-1.));
#2140=DIRECTION('ref_axis',(-1.,0.,0.));
#2141=DIRECTION('',(0.,0.,1.));
#2142=DIRECTION('center_axis',(0.,0.,1.));
#2143=DIRECTION('ref_axis',(-1.,0.,0.));
#2144=DIRECTION('center_axis',(0.,0.,-1.));
#2145=DIRECTION('ref_axis',(-1.,0.,0.));
#2146=DIRECTION('',(0.,0.,1.));
#2147=DIRECTION('center_axis',(0.,0.,1.));
#2148=DIRECTION('ref_axis',(-1.,0.,0.));
#2149=DIRECTION('center_axis',(0.,0.,-1.));
#2150=DIRECTION('ref_axis',(-1.,0.,0.));
#2151=DIRECTION('',(0.,0.,1.));
#2152=DIRECTION('center_axis',(0.,0.,1.));
#2153=DIRECTION('ref_axis',(-1.,0.,0.));
#2154=DIRECTION('center_axis',(0.,0.,-1.));
#2155=DIRECTION('ref_axis',(-1.,0.,0.));
#2156=DIRECTION('',(0.,0.,1.));
#2157=DIRECTION('center_axis',(0.,0.,1.));
#2158=DIRECTION('ref_axis',(-1.,0.,0.));
#2159=DIRECTION('center_axis',(0.,0.,-1.));
#2160=DIRECTION('ref_axis',(-1.,0.,0.));
#2161=DIRECTION('',(0.,0.,1.));
#2162=DIRECTION('center_axis',(0.,0.,1.));
#2163=DIRECTION('ref_axis',(-1.,0.,0.));
#2164=DIRECTION('center_axis',(0.,0.,-1.));
#2165=DIRECTION('ref_axis',(-1.,0.,0.));
#2166=DIRECTION('',(0.,0.,1.));
#2167=DIRECTION('center_axis',(0.,0.,1.));
#2168=DIRECTION('ref_axis',(-1.,0.,0.));
#2169=DIRECTION('center_axis',(0.,0.,-1.));
#2170=DIRECTION('ref_axis',(-1.,0.,0.));
#2171=DIRECTION('',(0.,0.,1.));
#2172=DIRECTION('center_axis',(0.,0.,1.));
#2173=DIRECTION('ref_axis',(-1.,0.,0.));
#2174=DIRECTION('center_axis',(0.,0.,-1.));
#2175=DIRECTION('ref_axis',(-1.,0.,0.));
#2176=DIRECTION('',(0.,0.,1.));
#2177=DIRECTION('center_axis',(0.,0.,1.));
#2178=DIRECTION('ref_axis',(-1.,0.,0.));
#2179=DIRECTION('center_axis',(0.,0.,-1.));
#2180=DIRECTION('ref_axis',(-1.,0.,0.));
#2181=DIRECTION('',(0.,0.,1.));
#2182=DIRECTION('center_axis',(0.,0.,1.));
#2183=DIRECTION('ref_axis',(-1.,0.,0.));
#2184=DIRECTION('center_axis',(0.,0.,-1.));
#2185=DIRECTION('ref_axis',(-1.,0.,0.));
#2186=DIRECTION('',(0.,0.,1.));
#2187=DIRECTION('center_axis',(0.,0.,1.));
#2188=DIRECTION('ref_axis',(-1.,0.,0.));
#2189=DIRECTION('center_axis',(0.,0.,-1.));
#2190=DIRECTION('ref_axis',(-1.,0.,0.));
#2191=DIRECTION('',(0.,0.,1.));
#2192=DIRECTION('center_axis',(0.,0.,1.));
#2193=DIRECTION('ref_axis',(-1.,0.,0.));
#2194=DIRECTION('center_axis',(0.,0.,-1.));
#2195=DIRECTION('ref_axis',(-1.,0.,0.));
#2196=DIRECTION('',(0.,0.,1.));
#2197=DIRECTION('center_axis',(0.,0.,1.));
#2198=DIRECTION('ref_axis',(-1.,0.,0.));
#2199=DIRECTION('center_axis',(0.,0.,-1.));
#2200=DIRECTION('ref_axis',(-1.,0.,0.));
#2201=DIRECTION('',(0.,0.,1.));
#2202=DIRECTION('center_axis',(0.,0.,1.));
#2203=DIRECTION('ref_axis',(-1.,0.,0.));
#2204=DIRECTION('center_axis',(0.,0.,-1.));
#2205=DIRECTION('ref_axis',(-1.,0.,0.));
#2206=DIRECTION('',(0.,0.,1.));
#2207=DIRECTION('center_axis',(0.,0.,1.));
#2208=DIRECTION('ref_axis',(-1.,0.,0.));
#2209=DIRECTION('center_axis',(0.,-1.,0.));
#2210=DIRECTION('ref_axis',(1.,0.,0.));
#2211=DIRECTION('',(0.,0.,1.));
#2212=DIRECTION('',(-1.,0.,0.));
#2213=DIRECTION('',(0.,0.,1.));
#2214=DIRECTION('center_axis',(0.,-1.,0.));
#2215=DIRECTION('ref_axis',(1.,0.,0.));
#2216=DIRECTION('',(0.,0.,1.));
#2217=DIRECTION('',(-1.,0.,0.));
#2218=DIRECTION('',(0.,0.,1.));
#2219=DIRECTION('center_axis',(0.,1.,0.));
#2220=DIRECTION('ref_axis',(-1.,0.,0.));
#2221=DIRECTION('',(0.,0.,1.));
#2222=DIRECTION('',(-1.,0.,0.));
#2223=DIRECTION('',(0.,0.,1.));
#2224=DIRECTION('center_axis',(0.,1.,0.));
#2225=DIRECTION('ref_axis',(-1.,0.,0.));
#2226=DIRECTION('',(0.,0.,1.));
#2227=DIRECTION('',(1.,0.,0.));
#2228=DIRECTION('',(0.,0.,1.));
#2229=DIRECTION('center_axis',(0.,1.,0.));
#2230=DIRECTION('ref_axis',(-1.,0.,0.));
#2231=DIRECTION('',(0.,0.,1.));
#2232=DIRECTION('',(1.,0.,0.));
#2233=DIRECTION('',(0.,0.,1.));
#2234=DIRECTION('center_axis',(0.,1.,0.));
#2235=DIRECTION('ref_axis',(-1.,0.,0.));
#2236=DIRECTION('',(0.,0.,1.));
#2237=DIRECTION('',(1.,0.,0.));
#2238=DIRECTION('',(0.,0.,1.));
#2239=DIRECTION('center_axis',(0.,1.,0.));
#2240=DIRECTION('ref_axis',(-1.,0.,0.));
#2241=DIRECTION('',(0.,0.,1.));
#2242=DIRECTION('',(1.,0.,0.));
#2243=DIRECTION('',(0.,0.,1.));
#2244=DIRECTION('center_axis',(0.,1.,0.));
#2245=DIRECTION('ref_axis',(-1.,0.,0.));
#2246=DIRECTION('',(0.,0.,1.));
#2247=DIRECTION('',(1.,0.,0.));
#2248=DIRECTION('',(0.,0.,1.));
#2249=DIRECTION('center_axis',(0.,1.,0.));
#2250=DIRECTION('ref_axis',(-1.,0.,0.));
#2251=DIRECTION('',(0.,0.,1.));
#2252=DIRECTION('',(1.,0.,0.));
#2253=DIRECTION('',(0.,0.,1.));
#2254=DIRECTION('center_axis',(0.,1.,0.));
#2255=DIRECTION('ref_axis',(-1.,0.,0.));
#2256=DIRECTION('',(0.,0.,1.));
#2257=DIRECTION('',(1.,0.,0.));
#2258=DIRECTION('',(0.,0.,1.));
#2259=DIRECTION('center_axis',(0.,1.,0.));
#2260=DIRECTION('ref_axis',(-1.,0.,0.));
#2261=DIRECTION('',(0.,0.,1.));
#2262=DIRECTION('',(1.,0.,0.));
#2263=DIRECTION('',(0.,0.,1.));
#2264=DIRECTION('center_axis',(0.,0.,1.));
#2265=DIRECTION('ref_axis',(-1.,0.,0.));
#2266=DIRECTION('center_axis',(0.,0.,-1.));
#2267=DIRECTION('ref_axis',(-1.,0.,0.));
#2268=DIRECTION('',(0.,0.,-1.));
#2269=DIRECTION('',(0.,0.,1.));
#2270=DIRECTION('center_axis',(0.,0.,1.));
#2271=DIRECTION('ref_axis',(-1.,0.,0.));
#2272=DIRECTION('center_axis',(0.,1.,0.));
#2273=DIRECTION('ref_axis',(-1.,0.,0.));
#2274=DIRECTION('',(0.,0.,1.));
#2275=DIRECTION('',(1.,0.,0.));
#2276=DIRECTION('center_axis',(0.,1.,0.));
#2277=DIRECTION('ref_axis',(-1.,0.,0.));
#2278=DIRECTION('',(0.,0.,1.));
#2279=DIRECTION('',(1.,0.,0.));
#2280=DIRECTION('',(0.,0.,1.));
#2281=DIRECTION('center_axis',(0.,1.,0.));
#2282=DIRECTION('ref_axis',(-1.,0.,0.));
#2283=DIRECTION('',(0.,0.,1.));
#2284=DIRECTION('',(1.,0.,0.));
#2285=DIRECTION('',(0.,0.,1.));
#2286=DIRECTION('center_axis',(0.,1.,0.));
#2287=DIRECTION('ref_axis',(-1.,0.,0.));
#2288=DIRECTION('',(0.,0.,1.));
#2289=DIRECTION('',(1.,0.,0.));
#2290=DIRECTION('',(0.,0.,1.));
#2291=DIRECTION('center_axis',(0.,0.,1.));
#2292=DIRECTION('ref_axis',(-1.,0.,0.));
#2293=DIRECTION('center_axis',(0.,0.,-1.));
#2294=DIRECTION('ref_axis',(-1.,0.,0.));
#2295=DIRECTION('',(0.,0.,-1.));
#2296=DIRECTION('center_axis',(0.,0.,-1.));
#2297=DIRECTION('ref_axis',(-1.,0.,0.));
#2298=DIRECTION('center_axis',(0.,1.,0.));
#2299=DIRECTION('ref_axis',(-1.,0.,0.));
#2300=DIRECTION('',(0.,0.,1.));
#2301=DIRECTION('',(1.,0.,0.));
#2302=DIRECTION('',(0.,0.,1.));
#2303=DIRECTION('center_axis',(-1.,0.,0.));
#2304=DIRECTION('ref_axis',(0.,-1.,0.));
#2305=DIRECTION('',(0.,0.,1.));
#2306=DIRECTION('',(0.,1.,0.));
#2307=DIRECTION('center_axis',(0.,-1.,0.));
#2308=DIRECTION('ref_axis',(1.,0.,0.));
#2309=DIRECTION('',(0.,0.,1.));
#2310=DIRECTION('',(-1.,0.,0.));
#2311=DIRECTION('center_axis',(0.,0.,1.));
#2312=DIRECTION('ref_axis',(-1.,0.,0.));
#2313=DIRECTION('center_axis',(0.,0.,-1.));
#2314=DIRECTION('ref_axis',(-1.,0.,0.));
#2315=DIRECTION('',(0.,0.,-1.));
#2316=DIRECTION('',(0.,0.,1.));
#2317=DIRECTION('center_axis',(0.,0.,1.));
#2318=DIRECTION('ref_axis',(-1.,0.,0.));
#2319=DIRECTION('center_axis',(0.,-1.,0.));
#2320=DIRECTION('ref_axis',(1.,0.,0.));
#2321=DIRECTION('',(0.,0.,1.));
#2322=DIRECTION('',(-1.,0.,0.));
#2323=DIRECTION('center_axis',(0.,0.,1.));
#2324=DIRECTION('ref_axis',(-1.,0.,0.));
#2325=DIRECTION('center_axis',(0.,0.,-1.));
#2326=DIRECTION('ref_axis',(-1.,0.,0.));
#2327=DIRECTION('',(0.,0.,-1.));
#2328=DIRECTION('center_axis',(0.,0.,-1.));
#2329=DIRECTION('ref_axis',(-1.,0.,0.));
#2330=DIRECTION('center_axis',(0.,0.,1.));
#2331=DIRECTION('ref_axis',(-1.,0.,0.));
#2332=DIRECTION('center_axis',(0.,0.,-1.));
#2333=DIRECTION('ref_axis',(-1.,0.,0.));
#2334=DIRECTION('',(0.,0.,-1.));
#2335=DIRECTION('center_axis',(0.,0.,-1.));
#2336=DIRECTION('ref_axis',(-1.,0.,0.));
#2337=DIRECTION('center_axis',(0.,-1.,0.));
#2338=DIRECTION('ref_axis',(1.,0.,0.));
#2339=DIRECTION('',(0.,0.,1.));
#2340=DIRECTION('',(-1.,0.,0.));
#2341=DIRECTION('',(0.,0.,1.));
#2342=DIRECTION('center_axis',(0.,0.,1.));
#2343=DIRECTION('ref_axis',(-1.,0.,0.));
#2344=DIRECTION('center_axis',(0.,0.,-1.));
#2345=DIRECTION('ref_axis',(-1.,0.,0.));
#2346=DIRECTION('',(0.,0.,-1.));
#2347=DIRECTION('center_axis',(0.,0.,-1.));
#2348=DIRECTION('ref_axis',(-1.,0.,0.));
#2349=DIRECTION('center_axis',(0.,0.,1.));
#2350=DIRECTION('ref_axis',(-1.,0.,0.));
#2351=DIRECTION('center_axis',(0.,0.,-1.));
#2352=DIRECTION('ref_axis',(-1.,0.,0.));
#2353=DIRECTION('',(0.,0.,-1.));
#2354=DIRECTION('center_axis',(0.,0.,-1.));
#2355=DIRECTION('ref_axis',(-1.,0.,0.));
#2356=DIRECTION('center_axis',(0.,0.,1.));
#2357=DIRECTION('ref_axis',(-1.,0.,0.));
#2358=DIRECTION('center_axis',(0.,0.,-1.));
#2359=DIRECTION('ref_axis',(-1.,0.,0.));
#2360=DIRECTION('',(0.,0.,-1.));
#2361=DIRECTION('center_axis',(0.,0.,-1.));
#2362=DIRECTION('ref_axis',(-1.,0.,0.));
#2363=DIRECTION('center_axis',(0.,0.,1.));
#2364=DIRECTION('ref_axis',(-1.,0.,0.));
#2365=DIRECTION('center_axis',(0.,0.,-1.));
#2366=DIRECTION('ref_axis',(-1.,0.,0.));
#2367=DIRECTION('',(0.,0.,-1.));
#2368=DIRECTION('center_axis',(0.,0.,-1.));
#2369=DIRECTION('ref_axis',(-1.,0.,0.));
#2370=DIRECTION('center_axis',(0.,0.,1.));
#2371=DIRECTION('ref_axis',(-1.,0.,0.));
#2372=DIRECTION('center_axis',(0.,0.,1.));
#2373=DIRECTION('ref_axis',(-1.,0.,0.));
#2374=DIRECTION('',(0.,0.,-1.));
#2375=DIRECTION('center_axis',(0.,0.,1.));
#2376=DIRECTION('ref_axis',(-1.,0.,0.));
#2377=DIRECTION('center_axis',(0.,0.,1.));
#2378=DIRECTION('ref_axis',(-1.,0.,0.));
#2379=DIRECTION('center_axis',(0.,0.,1.));
#2380=DIRECTION('ref_axis',(-1.,0.,0.));
#2381=DIRECTION('',(0.,0.,-1.));
#2382=DIRECTION('center_axis',(0.,0.,1.));
#2383=DIRECTION('ref_axis',(-1.,0.,0.));
#2384=DIRECTION('center_axis',(0.,0.,1.));
#2385=DIRECTION('ref_axis',(-1.,0.,0.));
#2386=DIRECTION('center_axis',(0.,0.,1.));
#2387=DIRECTION('ref_axis',(-1.,0.,0.));
#2388=DIRECTION('',(0.,0.,-1.));
#2389=DIRECTION('center_axis',(0.,0.,1.));
#2390=DIRECTION('ref_axis',(-1.,0.,0.));
#2391=DIRECTION('center_axis',(0.,0.,1.));
#2392=DIRECTION('ref_axis',(-1.,0.,0.));
#2393=DIRECTION('center_axis',(0.,0.,1.));
#2394=DIRECTION('ref_axis',(-1.,0.,0.));
#2395=DIRECTION('',(0.,0.,-1.));
#2396=DIRECTION('center_axis',(0.,0.,1.));
#2397=DIRECTION('ref_axis',(-1.,0.,0.));
#2398=DIRECTION('center_axis',(0.,0.,1.));
#2399=DIRECTION('ref_axis',(-1.,0.,0.));
#2400=DIRECTION('center_axis',(0.,0.,1.));
#2401=DIRECTION('ref_axis',(-1.,0.,0.));
#2402=DIRECTION('',(0.,0.,-1.));
#2403=DIRECTION('center_axis',(0.,0.,1.));
#2404=DIRECTION('ref_axis',(-1.,0.,0.));
#2405=DIRECTION('center_axis',(0.,0.,1.));
#2406=DIRECTION('ref_axis',(-1.,0.,0.));
#2407=DIRECTION('center_axis',(0.,0.,1.));
#2408=DIRECTION('ref_axis',(-1.,0.,0.));
#2409=DIRECTION('',(0.,0.,-1.));
#2410=DIRECTION('center_axis',(0.,0.,1.));
#2411=DIRECTION('ref_axis',(-1.,0.,0.));
#2412=DIRECTION('center_axis',(0.,0.,1.));
#2413=DIRECTION('ref_axis',(-1.,0.,0.));
#2414=DIRECTION('center_axis',(0.,0.,1.));
#2415=DIRECTION('ref_axis',(-1.,0.,0.));
#2416=DIRECTION('',(0.,0.,-1.));
#2417=DIRECTION('center_axis',(0.,0.,1.));
#2418=DIRECTION('ref_axis',(-1.,0.,0.));
#2419=DIRECTION('center_axis',(0.,0.,1.));
#2420=DIRECTION('ref_axis',(-1.,0.,0.));
#2421=DIRECTION('center_axis',(0.,0.,1.));
#2422=DIRECTION('ref_axis',(-1.,0.,0.));
#2423=DIRECTION('',(0.,0.,-1.));
#2424=DIRECTION('center_axis',(0.,0.,1.));
#2425=DIRECTION('ref_axis',(-1.,0.,0.));
#2426=DIRECTION('center_axis',(0.,0.,1.));
#2427=DIRECTION('ref_axis',(-1.,0.,0.));
#2428=DIRECTION('center_axis',(0.,0.,-1.));
#2429=DIRECTION('ref_axis',(-1.,0.,0.));
#2430=DIRECTION('',(0.,0.,-1.));
#2431=DIRECTION('center_axis',(0.,0.,1.));
#2432=DIRECTION('ref_axis',(-1.,0.,0.));
#2433=DIRECTION('center_axis',(0.,0.,1.));
#2434=DIRECTION('ref_axis',(-1.,0.,0.));
#2435=DIRECTION('center_axis',(0.,0.,1.));
#2436=DIRECTION('ref_axis',(-1.,0.,0.));
#2437=DIRECTION('center_axis',(0.,0.,-1.));
#2438=DIRECTION('ref_axis',(-1.,0.,0.));
#2439=DIRECTION('',(0.,0.,-1.));
#2440=DIRECTION('center_axis',(0.,0.,1.));
#2441=DIRECTION('ref_axis',(-1.,0.,0.));
#2442=DIRECTION('center_axis',(0.,0.,1.));
#2443=DIRECTION('ref_axis',(-1.,0.,0.));
#2444=DIRECTION('center_axis',(0.,0.,1.));
#2445=DIRECTION('ref_axis',(-1.,0.,0.));
#2446=DIRECTION('center_axis',(0.,0.,-1.));
#2447=DIRECTION('ref_axis',(-1.,0.,0.));
#2448=DIRECTION('',(0.,0.,-1.));
#2449=DIRECTION('center_axis',(0.,0.,1.));
#2450=DIRECTION('ref_axis',(-1.,0.,0.));
#2451=DIRECTION('center_axis',(0.,0.,1.));
#2452=DIRECTION('ref_axis',(-1.,0.,0.));
#2453=DIRECTION('center_axis',(0.,0.,1.));
#2454=DIRECTION('ref_axis',(-1.,0.,0.));
#2455=DIRECTION('center_axis',(0.,0.,-1.));
#2456=DIRECTION('ref_axis',(-1.,0.,0.));
#2457=DIRECTION('',(0.,0.,-1.));
#2458=DIRECTION('center_axis',(0.,0.,1.));
#2459=DIRECTION('ref_axis',(-1.,0.,0.));
#2460=DIRECTION('center_axis',(0.,0.,1.));
#2461=DIRECTION('ref_axis',(-1.,0.,0.));
#2462=DIRECTION('center_axis',(0.,0.,1.));
#2463=DIRECTION('ref_axis',(-1.,0.,0.));
#2464=DIRECTION('center_axis',(0.,0.,-1.));
#2465=DIRECTION('ref_axis',(-1.,0.,0.));
#2466=DIRECTION('',(0.,0.,-1.));
#2467=DIRECTION('center_axis',(0.,0.,1.));
#2468=DIRECTION('ref_axis',(-1.,0.,0.));
#2469=DIRECTION('center_axis',(0.,0.,1.));
#2470=DIRECTION('ref_axis',(-1.,0.,0.));
#2471=DIRECTION('center_axis',(0.,0.,1.));
#2472=DIRECTION('ref_axis',(-1.,0.,0.));
#2473=DIRECTION('center_axis',(0.,0.,-1.));
#2474=DIRECTION('ref_axis',(-1.,0.,0.));
#2475=DIRECTION('',(0.,0.,-1.));
#2476=DIRECTION('center_axis',(0.,0.,1.));
#2477=DIRECTION('ref_axis',(-1.,0.,0.));
#2478=DIRECTION('',(0.,0.,1.));
#2479=DIRECTION('center_axis',(0.,0.,1.));
#2480=DIRECTION('ref_axis',(-1.,0.,0.));
#2481=DIRECTION('center_axis',(0.,-1.,0.));
#2482=DIRECTION('ref_axis',(1.,0.,0.));
#2483=DIRECTION('',(0.,0.,1.));
#2484=DIRECTION('',(-1.,0.,0.));
#2485=DIRECTION('center_axis',(0.,0.,1.));
#2486=DIRECTION('ref_axis',(-1.,0.,0.));
#2487=DIRECTION('center_axis',(0.,0.,-1.));
#2488=DIRECTION('ref_axis',(-1.,0.,0.));
#2489=DIRECTION('',(0.,0.,-1.));
#2490=DIRECTION('center_axis',(0.,0.,1.));
#2491=DIRECTION('ref_axis',(-1.,0.,0.));
#2492=DIRECTION('center_axis',(0.,0.,1.));
#2493=DIRECTION('ref_axis',(-1.,0.,0.));
#2494=DIRECTION('center_axis',(0.,0.,1.));
#2495=DIRECTION('ref_axis',(-1.,0.,0.));
#2496=DIRECTION('center_axis',(0.,0.,1.));
#2497=DIRECTION('ref_axis',(-1.,0.,0.));
#2498=DIRECTION('',(0.,0.,-1.));
#2499=DIRECTION('center_axis',(0.,0.,1.));
#2500=DIRECTION('ref_axis',(-1.,0.,0.));
#2501=DIRECTION('center_axis',(-1.,0.,0.));
#2502=DIRECTION('ref_axis',(0.,-1.,0.));
#2503=DIRECTION('',(0.,1.,0.));
#2504=DIRECTION('',(0.,1.,0.));
#2505=DIRECTION('',(0.,0.,1.));
#2506=DIRECTION('',(0.,-1.,0.));
#2507=DIRECTION('',(0.,0.,1.));
#2508=DIRECTION('center_axis',(0.,1.,0.));
#2509=DIRECTION('ref_axis',(-1.,0.,0.));
#2510=DIRECTION('',(1.,0.,0.));
#2511=DIRECTION('',(-1.,0.,0.));
#2512=DIRECTION('',(0.,0.,1.));
#2513=DIRECTION('center_axis',(1.,0.,0.));
#2514=DIRECTION('ref_axis',(0.,1.,0.));
#2515=DIRECTION('',(0.,-1.,0.));
#2516=DIRECTION('',(0.,1.,0.));
#2517=DIRECTION('',(0.,0.,1.));
#2518=DIRECTION('center_axis',(0.,-1.,0.));
#2519=DIRECTION('ref_axis',(1.,0.,0.));
#2520=DIRECTION('',(-1.,0.,0.));
#2521=DIRECTION('',(1.,0.,0.));
#2522=DIRECTION('center_axis',(0.,0.,1.));
#2523=DIRECTION('ref_axis',(-1.,0.,0.));
#2524=DIRECTION('center_axis',(0.,0.,1.));
#2525=DIRECTION('ref_axis',(-1.,0.,0.));
#2526=CARTESIAN_POINT('',(0.,0.,0.));
#2527=CARTESIAN_POINT('Origin',(69.9999999627471,28.4316461777596,15.));
#2528=CARTESIAN_POINT('',(73.7962190272815,0.,15.));
#2529=CARTESIAN_POINT('',(78.4733181384193,0.,15.));
#2530=CARTESIAN_POINT('',(74.2366590505832,0.,15.));
#2531=CARTESIAN_POINT('',(73.7963624009884,0.0267740168511486,15.));
#2532=CARTESIAN_POINT('Origin',(71.2963624009884,0.0267740168511483,15.));
#2533=CARTESIAN_POINT('',(68.7965057746952,0.,15.));
#2534=CARTESIAN_POINT('Origin',(71.2963624009884,0.0267740168511483,15.));
#2535=CARTESIAN_POINT('',(65.2738396455912,0.,15.));
#2536=CARTESIAN_POINT('',(69.3982528687212,0.,15.));
#2537=CARTESIAN_POINT('',(65.3062588225983,0.401303977052207,15.));
#2538=CARTESIAN_POINT('Origin',(62.8062588225983,0.401303977052206,15.));
#2539=CARTESIAN_POINT('',(60.3386779996055,0.,15.));
#2540=CARTESIAN_POINT('Origin',(62.8062588225983,0.401303977052206,15.));
#2541=CARTESIAN_POINT('',(56.6300699828304,0.,15.));
#2542=CARTESIAN_POINT('',(65.1693389811763,0.,15.));
#2543=CARTESIAN_POINT('',(56.7220205083367,0.671786966523236,15.));
#2544=CARTESIAN_POINT('Origin',(54.2220205083367,0.671786966523235,15.));
#2545=CARTESIAN_POINT('',(51.8139710338429,0.,15.));
#2546=CARTESIAN_POINT('Origin',(54.2220205083367,0.671786966523235,15.));
#2547=CARTESIAN_POINT('',(46.7137184645426,0.,15.));
#2548=CARTESIAN_POINT('',(60.906985498295,0.,15.));
#2549=CARTESIAN_POINT('',(46.8658839752151,0.858879043127768,15.));
#2550=CARTESIAN_POINT('Origin',(44.3658839752151,0.858879043127768,15.));
#2551=CARTESIAN_POINT('',(42.0180494858876,0.,15.));
#2552=CARTESIAN_POINT('Origin',(44.3658839752151,0.858879043127768,15.));
#2553=CARTESIAN_POINT('',(37.4742143827215,0.,15.));
#2554=CARTESIAN_POINT('',(56.0090247243173,0.,15.));
#2555=CARTESIAN_POINT('',(37.6517259465384,0.925228330627414,15.));
#2556=CARTESIAN_POINT('Origin',(35.1517259465384,0.925228330627413,15.));
#2557=CARTESIAN_POINT('',(32.8292375103552,0.,15.));
#2558=CARTESIAN_POINT('Origin',(35.1517259465384,0.925228330627413,15.));
#2559=CARTESIAN_POINT('',(29.5437207257532,0.,15.));
#2560=CARTESIAN_POINT('',(51.4146187365512,0.,15.));
#2561=CARTESIAN_POINT('',(29.7136869947686,0.906058945363933,15.));
#2562=CARTESIAN_POINT('Origin',(27.2136869947686,0.906058945363932,15.));
#2563=CARTESIAN_POINT('',(24.883653263784,0.,15.));
#2564=CARTESIAN_POINT('Origin',(27.2136869947686,0.906058945363932,15.));
#2565=CARTESIAN_POINT('',(19.7540090288589,0.,15.));
#2566=CARTESIAN_POINT('',(47.4418266132655,0.,15.));
#2567=CARTESIAN_POINT('',(19.8832752583848,0.793486855299754,15.));
#2568=CARTESIAN_POINT('Origin',(17.3832752583848,0.793486855299754,15.));
#2569=CARTESIAN_POINT('',(15.0125414879107,0.,15.));
#2570=CARTESIAN_POINT('Origin',(17.3832752583848,0.793486855299754,15.));
#2571=CARTESIAN_POINT('',(10.8870782260186,0.,15.));
#2572=CARTESIAN_POINT('',(42.5062707253289,0.,15.));
#2573=CARTESIAN_POINT('',(10.9636271904775,0.61390966626625,15.));
#2574=CARTESIAN_POINT('Origin',(8.46362719047755,0.61390966626625,15.));
#2575=CARTESIAN_POINT('',(6.04017615493652,0.,15.));
#2576=CARTESIAN_POINT('Origin',(8.46362719047755,0.61390966626625,15.));
#2577=CARTESIAN_POINT('',(2.4696976139247,0.,15.));
#2578=CARTESIAN_POINT('',(38.0200880588418,0.,15.));
#2579=CARTESIAN_POINT('',(2.5,0.388064035662452,15.));
#2580=CARTESIAN_POINT('Origin',(0.,0.388064035662452,15.));
#2581=CARTESIAN_POINT('',(-2.4696976139247,0.,15.));
#2582=CARTESIAN_POINT('Origin',(0.,0.388064035662452,15.));
#2583=CARTESIAN_POINT('',(-5.00000007450581,0.,15.));
#2584=CARTESIAN_POINT('',(33.7651511744112,0.,15.));
#2585=CARTESIAN_POINT('',(-5.00000007450581,57.,15.));
#2586=CARTESIAN_POINT('',(-5.00000007450581,42.7158230888798,15.));
#2587=CARTESIAN_POINT('',(-2.22669646045604,57.,15.));
#2588=CARTESIAN_POINT('',(32.4999999441206,57.,15.));
#2589=CARTESIAN_POINT('',(2.4999999999995,55.86341613904,15.));
#2590=CARTESIAN_POINT('Origin',(-4.9737991503207E-13,55.86341613904,15.));
#2591=CARTESIAN_POINT('',(2.22669646045505,57.,15.));
#2592=CARTESIAN_POINT('Origin',(-4.9737991503207E-13,55.86341613904,15.));
#2593=CARTESIAN_POINT('',(4.74800758371972,57.,15.));
#2594=CARTESIAN_POINT('',(36.1133482116011,57.,15.));
#2595=CARTESIAN_POINT('',(9.74084530811963,57.,15.));
#2596=CARTESIAN_POINT('Origin',(7.24442644591967,57.1337642121507,15.));
#2597=CARTESIAN_POINT('',(12.6416698489612,57.,15.));
#2598=CARTESIAN_POINT('',(39.8704226354334,57.,15.));
#2599=CARTESIAN_POINT('',(16.6781629895318,57.,15.));
#2600=CARTESIAN_POINT('Origin',(14.6599164192465,58.4753578486359,15.));
#2601=CARTESIAN_POINT('',(45.6537360678403,57.,15.));
#2602=CARTESIAN_POINT('',(43.3390814761395,57.,15.));
#2603=CARTESIAN_POINT('',(48.1191669120331,57.,15.));
#2604=CARTESIAN_POINT('Origin',(46.8864514899367,59.174951192125,15.));
#2605=CARTESIAN_POINT('',(52.6277170784854,57.,15.));
#2606=CARTESIAN_POINT('',(59.0595834373901,57.,15.));
#2607=CARTESIAN_POINT('',(57.5824056070944,56.5261812292496,15.));
#2608=CARTESIAN_POINT('Origin',(55.0824056070944,56.5261812292496,15.));
#2609=CARTESIAN_POINT('',(57.5370941357034,57.,15.));
#2610=CARTESIAN_POINT('Origin',(55.0824056070944,56.5261812292496,15.));
#2611=CARTESIAN_POINT('',(145.,57.,15.));
#2612=CARTESIAN_POINT('',(63.7685470492253,57.,15.));
#2613=CARTESIAN_POINT('',(145.,0.,15.));
#2614=CARTESIAN_POINT('',(145.,42.7158230888798,15.));
#2615=CARTESIAN_POINT('',(104.378755635721,0.,15.));
#2616=CARTESIAN_POINT('',(107.499999981374,0.,15.));
#2617=CARTESIAN_POINT('',(103.375716257946,0.,15.));
#2618=CARTESIAN_POINT('Origin',(103.877235946834,-2.44917904646808,15.));
#2619=CARTESIAN_POINT('',(98.4067769729502,0.,15.));
#2620=CARTESIAN_POINT('',(86.6878581103466,0.,15.));
#2621=CARTESIAN_POINT('',(94.8747213600297,0.,15.));
#2622=CARTESIAN_POINT('Origin',(96.6407491664899,-1.76950439016389,15.));
#2623=CARTESIAN_POINT('',(90.9156959137293,0.,15.));
#2624=CARTESIAN_POINT('',(82.4373606613884,0.,15.));
#2625=CARTESIAN_POINT('',(86.4216448291074,0.,15.));
#2626=CARTESIAN_POINT('Origin',(88.6686703714184,-1.09584497635485,15.));
#2627=CARTESIAN_POINT('',(83.3576662844915,0.,15.));
#2628=CARTESIAN_POINT('',(78.2108223959273,0.,15.));
#2629=CARTESIAN_POINT('Origin',(80.9154922114554,-0.534589372313265,15.));
#2630=CARTESIAN_POINT('',(132.337550806756,26.6286059792806,15.));
#2631=CARTESIAN_POINT('Origin',(129.837550806756,26.6286059792806,15.));
#2632=CARTESIAN_POINT('',(27.0000068545333,48.5000001192093,15.));
#2633=CARTESIAN_POINT('Origin',(24.0000068545334,48.5000001192093,15.));
#2634=CARTESIAN_POINT('',(87.000007748603,24.5000001192093,15.));
#2635=CARTESIAN_POINT('Origin',(84.000007748603,24.5000001192093,15.));
#2636=CARTESIAN_POINT('',(91.808692351811,42.8401505207986,15.));
#2637=CARTESIAN_POINT('Origin',(89.308692351811,42.8401505207986,15.));
#2638=CARTESIAN_POINT('',(67.0000074505798,32.5,15.));
#2639=CARTESIAN_POINT('Origin',(64.0000074505798,32.5,15.));
#2640=CARTESIAN_POINT('',(141.79589326073,3.59430457490798,15.));
#2641=CARTESIAN_POINT('Origin',(139.29589326073,3.59430457490798,15.));
#2642=CARTESIAN_POINT('',(99.7009669885082,39.6832404403199,15.));
#2643=CARTESIAN_POINT('Origin',(97.2009669885082,39.6832404403199,15.));
#2644=CARTESIAN_POINT('',(107.6074747532,36.5206371082364,15.));
#2645=CARTESIAN_POINT('Origin',(105.1074747532,36.5206371082364,15.));
#2646=CARTESIAN_POINT('',(139.48410407491,20.6049768828043,15.));
#2647=CARTESIAN_POINT('Origin',(136.98410407491,20.6049768828043,15.));
#2648=CARTESIAN_POINT('',(123.89730039361,30.0047063860166,15.));
#2649=CARTESIAN_POINT('Origin',(121.39730039361,30.0047063860166,15.));
#2650=CARTESIAN_POINT('',(47.0000071525566,40.5000001192093,15.));
#2651=CARTESIAN_POINT('Origin',(44.0000071525566,40.5000001192093,15.));
#2652=CARTESIAN_POINT('',(126.999999999999,8.50000000000001,15.));
#2653=CARTESIAN_POINT('Origin',(123.999999999999,8.5,15.));
#2654=CARTESIAN_POINT('',(66.6872050264538,52.8887461696731,15.));
#2655=CARTESIAN_POINT('Origin',(64.1872050264538,52.8887461696731,15.));
#2656=CARTESIAN_POINT('',(116.047725171436,33.1445366994643,15.));
#2657=CARTESIAN_POINT('Origin',(113.547725171436,33.1445366994643,15.));
#2658=CARTESIAN_POINT('',(83.5677058578363,46.136545354165,15.));
#2659=CARTESIAN_POINT('Origin',(81.0677058578363,46.136545354165,15.));
#2660=CARTESIAN_POINT('',(142.297927830972,12.3858125429713,15.));
#2661=CARTESIAN_POINT('Origin',(139.797927830972,12.3858125429713,15.));
#2662=CARTESIAN_POINT('',(75.4405844641668,49.3873941441517,15.));
#2663=CARTESIAN_POINT('Origin',(72.9405844641668,49.3873941441517,15.));
#2664=CARTESIAN_POINT('',(106.999999999999,16.5000001192093,15.));
#2665=CARTESIAN_POINT('Origin',(103.999999999999,16.5000001192093,15.));
#2666=CARTESIAN_POINT('Origin',(129.837550806756,26.6286059792806,20.));
#2667=CARTESIAN_POINT('',(132.337550806756,26.6286059792806,20.));
#2668=CARTESIAN_POINT('',(132.337550806756,26.6286059792806,20.));
#2669=CARTESIAN_POINT('Origin',(129.837550806756,26.6286059792806,20.));
#2670=CARTESIAN_POINT('Origin',(24.0000068545334,48.5000001192093,20.));
#2671=CARTESIAN_POINT('',(27.0000068545333,48.5000001192093,20.));
#2672=CARTESIAN_POINT('',(27.0000068545333,48.5000001192093,20.));
#2673=CARTESIAN_POINT('Origin',(24.0000068545334,48.5000001192093,20.));
#2674=CARTESIAN_POINT('Origin',(84.000007748603,24.5000001192093,20.));
#2675=CARTESIAN_POINT('',(87.000007748603,24.5000001192093,20.));
#2676=CARTESIAN_POINT('',(87.000007748603,24.5000001192093,20.));
#2677=CARTESIAN_POINT('Origin',(84.000007748603,24.5000001192093,20.));
#2678=CARTESIAN_POINT('Origin',(89.308692351811,42.8401505207986,20.));
#2679=CARTESIAN_POINT('',(91.808692351811,42.8401505207986,20.));
#2680=CARTESIAN_POINT('',(91.808692351811,42.8401505207986,20.));
#2681=CARTESIAN_POINT('Origin',(89.308692351811,42.8401505207986,20.));
#2682=CARTESIAN_POINT('Origin',(64.0000074505798,32.5,20.));
#2683=CARTESIAN_POINT('',(67.0000074505798,32.5,20.));
#2684=CARTESIAN_POINT('',(67.0000074505798,32.5,20.));
#2685=CARTESIAN_POINT('Origin',(64.0000074505798,32.5,20.));
#2686=CARTESIAN_POINT('Origin',(139.29589326073,3.59430457490798,20.));
#2687=CARTESIAN_POINT('',(141.79589326073,3.59430457490798,20.));
#2688=CARTESIAN_POINT('',(141.79589326073,3.59430457490798,20.));
#2689=CARTESIAN_POINT('Origin',(139.29589326073,3.59430457490798,20.));
#2690=CARTESIAN_POINT('Origin',(97.2009669885082,39.6832404403199,20.));
#2691=CARTESIAN_POINT('',(99.7009669885082,39.6832404403199,20.));
#2692=CARTESIAN_POINT('',(99.7009669885082,39.6832404403199,20.));
#2693=CARTESIAN_POINT('Origin',(97.2009669885082,39.6832404403199,20.));
#2694=CARTESIAN_POINT('Origin',(105.1074747532,36.5206371082364,20.));
#2695=CARTESIAN_POINT('',(107.6074747532,36.5206371082364,20.));
#2696=CARTESIAN_POINT('',(107.6074747532,36.5206371082364,20.));
#2697=CARTESIAN_POINT('Origin',(105.1074747532,36.5206371082364,20.));
#2698=CARTESIAN_POINT('Origin',(136.98410407491,20.6049768828043,20.));
#2699=CARTESIAN_POINT('',(139.48410407491,20.6049768828043,20.));
#2700=CARTESIAN_POINT('',(139.48410407491,20.6049768828043,20.));
#2701=CARTESIAN_POINT('Origin',(136.98410407491,20.6049768828043,20.));
#2702=CARTESIAN_POINT('Origin',(121.39730039361,30.0047063860166,20.));
#2703=CARTESIAN_POINT('',(123.89730039361,30.0047063860166,20.));
#2704=CARTESIAN_POINT('',(123.89730039361,30.0047063860166,20.));
#2705=CARTESIAN_POINT('Origin',(121.39730039361,30.0047063860166,20.));
#2706=CARTESIAN_POINT('Origin',(44.0000071525566,40.5000001192093,20.));
#2707=CARTESIAN_POINT('',(47.0000071525566,40.5000001192093,20.));
#2708=CARTESIAN_POINT('',(47.0000071525566,40.5000001192093,20.));
#2709=CARTESIAN_POINT('Origin',(44.0000071525566,40.5000001192093,20.));
#2710=CARTESIAN_POINT('Origin',(123.999999999999,8.5,20.));
#2711=CARTESIAN_POINT('',(126.999999999999,8.5,20.));
#2712=CARTESIAN_POINT('',(126.999999999999,8.5,20.));
#2713=CARTESIAN_POINT('Origin',(123.999999999999,8.5,20.));
#2714=CARTESIAN_POINT('Origin',(64.1872050264538,52.8887461696731,20.));
#2715=CARTESIAN_POINT('',(66.6872050264538,52.8887461696731,20.));
#2716=CARTESIAN_POINT('',(66.6872050264538,52.8887461696731,20.));
#2717=CARTESIAN_POINT('Origin',(64.1872050264538,52.8887461696731,20.));
#2718=CARTESIAN_POINT('Origin',(113.547725171436,33.1445366994643,20.));
#2719=CARTESIAN_POINT('',(116.047725171436,33.1445366994643,20.));
#2720=CARTESIAN_POINT('',(116.047725171436,33.1445366994643,20.));
#2721=CARTESIAN_POINT('Origin',(113.547725171436,33.1445366994643,20.));
#2722=CARTESIAN_POINT('Origin',(81.0677058578363,46.136545354165,20.));
#2723=CARTESIAN_POINT('',(83.5677058578363,46.136545354165,20.));
#2724=CARTESIAN_POINT('',(83.5677058578363,46.136545354165,20.));
#2725=CARTESIAN_POINT('Origin',(81.0677058578363,46.136545354165,20.));
#2726=CARTESIAN_POINT('Origin',(139.797927830972,12.3858125429713,20.));
#2727=CARTESIAN_POINT('',(142.297927830972,12.3858125429713,20.));
#2728=CARTESIAN_POINT('',(142.297927830972,12.3858125429713,20.));
#2729=CARTESIAN_POINT('Origin',(139.797927830972,12.3858125429713,20.));
#2730=CARTESIAN_POINT('Origin',(72.9405844641668,49.3873941441517,20.));
#2731=CARTESIAN_POINT('',(75.4405844641668,49.3873941441517,20.));
#2732=CARTESIAN_POINT('',(75.4405844641668,49.3873941441517,20.));
#2733=CARTESIAN_POINT('Origin',(72.9405844641668,49.3873941441517,20.));
#2734=CARTESIAN_POINT('Origin',(103.999999999999,16.5000001192093,20.));
#2735=CARTESIAN_POINT('',(106.999999999999,16.5000001192093,20.));
#2736=CARTESIAN_POINT('',(106.999999999999,16.5000001192093,20.));
#2737=CARTESIAN_POINT('Origin',(103.999999999999,16.5000001192093,20.));
#2738=CARTESIAN_POINT('Origin',(2.22669646045505,57.,0.));
#2739=CARTESIAN_POINT('',(2.22669646045505,57.,0.));
#2740=CARTESIAN_POINT('',(2.22669646045505,57.,0.));
#2741=CARTESIAN_POINT('',(4.74800758371972,57.,0.));
#2742=CARTESIAN_POINT('',(145.,57.,0.));
#2743=CARTESIAN_POINT('',(4.74800758371972,57.,0.));
#2744=CARTESIAN_POINT('Origin',(-5.00000007450581,57.,0.));
#2745=CARTESIAN_POINT('',(-5.00000007450581,57.,0.));
#2746=CARTESIAN_POINT('',(-5.00000007450581,57.,0.));
#2747=CARTESIAN_POINT('',(-2.22669646045604,57.,0.));
#2748=CARTESIAN_POINT('',(0.,57.,0.));
#2749=CARTESIAN_POINT('',(-2.22669646045604,57.,0.));
#2750=CARTESIAN_POINT('Origin',(-2.4696976139247,0.,0.));
#2751=CARTESIAN_POINT('',(-2.4696976139247,0.,0.));
#2752=CARTESIAN_POINT('',(-2.4696976139247,0.,0.));
#2753=CARTESIAN_POINT('',(-5.00000007450581,0.,0.));
#2754=CARTESIAN_POINT('',(0.,0.,0.));
#2755=CARTESIAN_POINT('',(-5.00000007450581,0.,0.));
#2756=CARTESIAN_POINT('Origin',(6.04017615493652,0.,0.));
#2757=CARTESIAN_POINT('',(6.04017615493652,0.,0.));
#2758=CARTESIAN_POINT('',(6.04017615493652,0.,0.));
#2759=CARTESIAN_POINT('',(2.4696976139247,0.,0.));
#2760=CARTESIAN_POINT('',(0.,0.,0.));
#2761=CARTESIAN_POINT('',(2.4696976139247,0.,0.));
#2762=CARTESIAN_POINT('Origin',(15.0125414879107,0.,0.));
#2763=CARTESIAN_POINT('',(15.0125414879107,0.,0.));
#2764=CARTESIAN_POINT('',(15.0125414879107,0.,0.));
#2765=CARTESIAN_POINT('',(10.8870782260186,0.,0.));
#2766=CARTESIAN_POINT('',(0.,0.,0.));
#2767=CARTESIAN_POINT('',(10.8870782260186,0.,0.));
#2768=CARTESIAN_POINT('Origin',(24.883653263784,0.,0.));
#2769=CARTESIAN_POINT('',(24.883653263784,0.,0.));
#2770=CARTESIAN_POINT('',(24.883653263784,0.,0.));
#2771=CARTESIAN_POINT('',(19.7540090288589,0.,0.));
#2772=CARTESIAN_POINT('',(0.,0.,0.));
#2773=CARTESIAN_POINT('',(19.7540090288589,0.,0.));
#2774=CARTESIAN_POINT('Origin',(32.8292375103552,0.,0.));
#2775=CARTESIAN_POINT('',(32.8292375103552,0.,0.));
#2776=CARTESIAN_POINT('',(32.8292375103552,0.,0.));
#2777=CARTESIAN_POINT('',(29.5437207257532,0.,0.));
#2778=CARTESIAN_POINT('',(0.,0.,0.));
#2779=CARTESIAN_POINT('',(29.5437207257532,0.,0.));
#2780=CARTESIAN_POINT('Origin',(42.0180494858876,0.,0.));
#2781=CARTESIAN_POINT('',(42.0180494858876,0.,0.));
#2782=CARTESIAN_POINT('',(42.0180494858876,0.,0.));
#2783=CARTESIAN_POINT('',(37.4742143827215,0.,0.));
#2784=CARTESIAN_POINT('',(0.,0.,0.));
#2785=CARTESIAN_POINT('',(37.4742143827215,0.,0.));
#2786=CARTESIAN_POINT('Origin',(51.8139710338429,0.,0.));
#2787=CARTESIAN_POINT('',(51.8139710338429,0.,0.));
#2788=CARTESIAN_POINT('',(51.8139710338429,0.,0.));
#2789=CARTESIAN_POINT('',(46.7137184645426,0.,0.));
#2790=CARTESIAN_POINT('',(0.,0.,0.));
#2791=CARTESIAN_POINT('',(46.7137184645426,0.,0.));
#2792=CARTESIAN_POINT('Origin',(60.3386779996055,0.,0.));
#2793=CARTESIAN_POINT('',(60.3386779996055,0.,0.));
#2794=CARTESIAN_POINT('',(60.3386779996055,0.,0.));
#2795=CARTESIAN_POINT('',(56.6300699828304,0.,0.));
#2796=CARTESIAN_POINT('',(0.,0.,0.));
#2797=CARTESIAN_POINT('',(56.6300699828304,0.,0.));
#2798=CARTESIAN_POINT('Origin',(68.7965057746952,0.,0.));
#2799=CARTESIAN_POINT('',(68.7965057746952,0.,0.));
#2800=CARTESIAN_POINT('',(68.7965057746952,0.,0.));
#2801=CARTESIAN_POINT('',(65.2738396455912,0.,0.));
#2802=CARTESIAN_POINT('',(0.,0.,0.));
#2803=CARTESIAN_POINT('',(65.2738396455912,0.,0.));
#2804=CARTESIAN_POINT('Origin',(71.2963624009884,0.0267740168511483,0.));
#2805=CARTESIAN_POINT('',(73.7963624009884,0.0267740168511486,20.));
#2806=CARTESIAN_POINT('Origin',(71.2963624009884,0.0267740168511483,20.));
#2807=CARTESIAN_POINT('',(73.7963624009884,0.0267740168511486,0.));
#2808=CARTESIAN_POINT('',(73.7962190272815,0.,0.));
#2809=CARTESIAN_POINT('',(73.7962190272815,0.,0.));
#2810=CARTESIAN_POINT('Origin',(71.2963624009884,0.0267740168511483,0.));
#2811=CARTESIAN_POINT('Origin',(78.4733181384193,0.,0.));
#2812=CARTESIAN_POINT('',(78.4733181384193,0.,0.));
#2813=CARTESIAN_POINT('',(78.4733181384193,0.,0.));
#2814=CARTESIAN_POINT('',(0.,0.,0.));
#2815=CARTESIAN_POINT('Origin',(86.4216448291074,0.,0.));
#2816=CARTESIAN_POINT('',(86.4216448291074,0.,0.));
#2817=CARTESIAN_POINT('',(86.4216448291074,0.,0.));
#2818=CARTESIAN_POINT('',(83.3576662844915,0.,0.));
#2819=CARTESIAN_POINT('',(0.,0.,0.));
#2820=CARTESIAN_POINT('',(83.3576662844915,0.,0.));
#2821=CARTESIAN_POINT('Origin',(94.8747213600297,0.,0.));
#2822=CARTESIAN_POINT('',(94.8747213600297,0.,0.));
#2823=CARTESIAN_POINT('',(94.8747213600297,0.,0.));
#2824=CARTESIAN_POINT('',(90.9156959137293,0.,0.));
#2825=CARTESIAN_POINT('',(0.,0.,0.));
#2826=CARTESIAN_POINT('',(90.9156959137293,0.,0.));
#2827=CARTESIAN_POINT('Origin',(103.375716257946,0.,0.));
#2828=CARTESIAN_POINT('',(103.375716257946,0.,0.));
#2829=CARTESIAN_POINT('',(103.375716257946,0.,0.));
#2830=CARTESIAN_POINT('',(98.4067769729502,0.,0.));
#2831=CARTESIAN_POINT('',(0.,0.,0.));
#2832=CARTESIAN_POINT('',(98.4067769729502,0.,0.));
#2833=CARTESIAN_POINT('Origin',(110.52000321548,-3.09488197545132,0.));
#2834=CARTESIAN_POINT('',(113.02000321548,-3.09488197545132,20.));
#2835=CARTESIAN_POINT('Origin',(110.52000321548,-3.09488197545132,20.));
#2836=CARTESIAN_POINT('',(113.02000321548,-3.09488197545132,0.));
#2837=CARTESIAN_POINT('',(113.02000321548,-3.09488197545132,0.));
#2838=CARTESIAN_POINT('Origin',(110.52000321548,-3.09488197545132,0.));
#2839=CARTESIAN_POINT('Origin',(145.,0.,0.));
#2840=CARTESIAN_POINT('',(145.,0.,0.));
#2841=CARTESIAN_POINT('',(145.,0.,0.));
#2842=CARTESIAN_POINT('',(104.378755635721,0.,0.));
#2843=CARTESIAN_POINT('',(0.,0.,0.));
#2844=CARTESIAN_POINT('',(104.378755635721,0.,0.));
#2845=CARTESIAN_POINT('Origin',(145.,57.,0.));
#2846=CARTESIAN_POINT('',(145.,57.,0.));
#2847=CARTESIAN_POINT('',(145.,57.,0.));
#2848=CARTESIAN_POINT('',(145.,0.,0.));
#2849=CARTESIAN_POINT('Origin',(57.5370941357034,57.,0.));
#2850=CARTESIAN_POINT('',(57.5370941357034,57.,0.));
#2851=CARTESIAN_POINT('',(57.5370941357034,57.,0.));
#2852=CARTESIAN_POINT('',(145.,57.,0.));
#2853=CARTESIAN_POINT('Origin',(55.0824056070944,56.5261812292496,0.));
#2854=CARTESIAN_POINT('',(57.5824056070944,56.5261812292496,20.));
#2855=CARTESIAN_POINT('Origin',(55.0824056070944,56.5261812292496,20.));
#2856=CARTESIAN_POINT('',(57.5824056070944,56.5261812292496,0.));
#2857=CARTESIAN_POINT('',(52.6277170784854,57.,0.));
#2858=CARTESIAN_POINT('',(52.6277170784854,57.,0.));
#2859=CARTESIAN_POINT('Origin',(55.0824056070944,56.5261812292496,0.));
#2860=CARTESIAN_POINT('Origin',(48.1191669120331,57.,0.));
#2861=CARTESIAN_POINT('',(48.1191669120331,57.,0.));
#2862=CARTESIAN_POINT('',(48.1191669120331,57.,0.));
#2863=CARTESIAN_POINT('',(145.,57.,0.));
#2864=CARTESIAN_POINT('Origin',(30.3556682263359,60.7076345438462,0.));
#2865=CARTESIAN_POINT('',(32.8556682263359,60.7076345438462,20.));
#2866=CARTESIAN_POINT('Origin',(30.3556682263359,60.7076345438462,20.));
#2867=CARTESIAN_POINT('',(32.8556682263359,60.7076345438462,0.));
#2868=CARTESIAN_POINT('',(32.8556682263359,60.7076345438462,0.));
#2869=CARTESIAN_POINT('Origin',(30.3556682263359,60.7076345438462,0.));
#2870=CARTESIAN_POINT('Origin',(39.8169049697871,60.4810371719168,0.));
#2871=CARTESIAN_POINT('',(42.3169049697871,60.4810371719168,20.));
#2872=CARTESIAN_POINT('Origin',(39.8169049697871,60.4810371719168,20.));
#2873=CARTESIAN_POINT('',(42.3169049697871,60.4810371719168,0.));
#2874=CARTESIAN_POINT('',(42.3169049697871,60.4810371719168,0.));
#2875=CARTESIAN_POINT('Origin',(39.8169049697871,60.4810371719168,0.));
#2876=CARTESIAN_POINT('Origin',(16.6781629895318,57.,0.));
#2877=CARTESIAN_POINT('',(16.6781629895318,57.,0.));
#2878=CARTESIAN_POINT('',(16.6781629895318,57.,0.));
#2879=CARTESIAN_POINT('',(45.6537360678403,57.,0.));
#2880=CARTESIAN_POINT('',(145.,57.,0.));
#2881=CARTESIAN_POINT('',(45.6537360678403,57.,0.));
#2882=CARTESIAN_POINT('Origin',(117.294376465682,-3.69367132410959,0.));
#2883=CARTESIAN_POINT('',(119.794376465682,-3.69367132410959,20.));
#2884=CARTESIAN_POINT('Origin',(117.294376465682,-3.69367132410959,20.));
#2885=CARTESIAN_POINT('',(119.794376465682,-3.69367132410959,0.));
#2886=CARTESIAN_POINT('',(119.794376465682,-3.69367132410959,0.));
#2887=CARTESIAN_POINT('Origin',(117.294376465682,-3.69367132410959,0.));
#2888=CARTESIAN_POINT('Origin',(124.431064158129,-4.02573874190365,0.));
#2889=CARTESIAN_POINT('',(126.931064158129,-4.02573874190364,20.));
#2890=CARTESIAN_POINT('Origin',(124.431064158129,-4.02573874190365,20.));
#2891=CARTESIAN_POINT('',(126.931064158129,-4.02573874190364,0.));
#2892=CARTESIAN_POINT('',(126.931064158129,-4.02573874190364,0.));
#2893=CARTESIAN_POINT('Origin',(124.431064158129,-4.02573874190365,0.));
#2894=CARTESIAN_POINT('Origin',(132.979774327349,-2.81073181560571,0.));
#2895=CARTESIAN_POINT('',(135.479774327349,-2.81073181560571,20.));
#2896=CARTESIAN_POINT('Origin',(132.979774327349,-2.81073181560571,20.));
#2897=CARTESIAN_POINT('',(135.479774327349,-2.81073181560571,0.));
#2898=CARTESIAN_POINT('',(135.479774327349,-2.81073181560571,0.));
#2899=CARTESIAN_POINT('Origin',(132.979774327349,-2.81073181560571,0.));
#2900=CARTESIAN_POINT('Origin',(22.231131590741,59.7784452602028,0.));
#2901=CARTESIAN_POINT('',(24.731131590741,59.7784452602028,20.));
#2902=CARTESIAN_POINT('Origin',(22.231131590741,59.7784452602028,20.));
#2903=CARTESIAN_POINT('',(24.731131590741,59.7784452602028,0.));
#2904=CARTESIAN_POINT('',(24.731131590741,59.7784452602028,0.));
#2905=CARTESIAN_POINT('Origin',(22.231131590741,59.7784452602028,0.));
#2906=CARTESIAN_POINT('Origin',(0.,0.388064035662452,0.));
#2907=CARTESIAN_POINT('',(2.5,0.388064035662452,20.));
#2908=CARTESIAN_POINT('Origin',(0.,0.388064035662452,20.));
#2909=CARTESIAN_POINT('',(2.5,0.388064035662452,0.));
#2910=CARTESIAN_POINT('Origin',(0.,0.388064035662452,0.));
#2911=CARTESIAN_POINT('Origin',(8.46362719047755,0.61390966626625,0.));
#2912=CARTESIAN_POINT('',(10.9636271904775,0.61390966626625,20.));
#2913=CARTESIAN_POINT('Origin',(8.46362719047755,0.61390966626625,20.));
#2914=CARTESIAN_POINT('',(10.9636271904775,0.61390966626625,0.));
#2915=CARTESIAN_POINT('Origin',(8.46362719047755,0.61390966626625,0.));
#2916=CARTESIAN_POINT('Origin',(17.3832752583848,0.793486855299754,0.));
#2917=CARTESIAN_POINT('',(19.8832752583848,0.793486855299754,20.));
#2918=CARTESIAN_POINT('Origin',(17.3832752583848,0.793486855299754,20.));
#2919=CARTESIAN_POINT('',(19.8832752583848,0.793486855299754,0.));
#2920=CARTESIAN_POINT('Origin',(17.3832752583848,0.793486855299754,0.));
#2921=CARTESIAN_POINT('Origin',(27.2136869947686,0.906058945363932,0.));
#2922=CARTESIAN_POINT('',(29.7136869947686,0.906058945363933,20.));
#2923=CARTESIAN_POINT('Origin',(27.2136869947686,0.906058945363932,20.));
#2924=CARTESIAN_POINT('',(29.7136869947686,0.906058945363933,0.));
#2925=CARTESIAN_POINT('Origin',(27.2136869947686,0.906058945363932,0.));
#2926=CARTESIAN_POINT('Origin',(35.1517259465384,0.925228330627413,0.));
#2927=CARTESIAN_POINT('',(37.6517259465384,0.925228330627414,20.));
#2928=CARTESIAN_POINT('Origin',(35.1517259465384,0.925228330627413,20.));
#2929=CARTESIAN_POINT('',(37.6517259465384,0.925228330627414,0.));
#2930=CARTESIAN_POINT('Origin',(35.1517259465384,0.925228330627413,0.));
#2931=CARTESIAN_POINT('Origin',(44.3658839752151,0.858879043127768,0.));
#2932=CARTESIAN_POINT('',(46.8658839752151,0.858879043127768,20.));
#2933=CARTESIAN_POINT('Origin',(44.3658839752151,0.858879043127768,20.));
#2934=CARTESIAN_POINT('',(46.8658839752151,0.858879043127768,0.));
#2935=CARTESIAN_POINT('Origin',(44.3658839752151,0.858879043127768,0.));
#2936=CARTESIAN_POINT('Origin',(54.2220205083367,0.671786966523235,0.));
#2937=CARTESIAN_POINT('',(56.7220205083367,0.671786966523236,20.));
#2938=CARTESIAN_POINT('Origin',(54.2220205083367,0.671786966523235,20.));
#2939=CARTESIAN_POINT('',(56.7220205083367,0.671786966523236,0.));
#2940=CARTESIAN_POINT('Origin',(54.2220205083367,0.671786966523235,0.));
#2941=CARTESIAN_POINT('Origin',(62.8062588225983,0.401303977052206,0.));
#2942=CARTESIAN_POINT('',(65.3062588225983,0.401303977052207,20.));
#2943=CARTESIAN_POINT('Origin',(62.8062588225983,0.401303977052206,20.));
#2944=CARTESIAN_POINT('',(65.3062588225983,0.401303977052207,0.));
#2945=CARTESIAN_POINT('Origin',(62.8062588225983,0.401303977052206,0.));
#2946=CARTESIAN_POINT('Origin',(80.9154922114554,-0.534589372313265,0.));
#2947=CARTESIAN_POINT('',(83.4154922114554,-0.534589372313265,20.));
#2948=CARTESIAN_POINT('Origin',(80.9154922114554,-0.534589372313265,20.));
#2949=CARTESIAN_POINT('',(83.4154922114554,-0.534589372313265,0.));
#2950=CARTESIAN_POINT('',(83.4154922114554,-0.534589372313265,0.));
#2951=CARTESIAN_POINT('Origin',(80.9154922114554,-0.534589372313265,0.));
#2952=CARTESIAN_POINT('Origin',(80.9154922114554,-0.534589372313265,0.));
#2953=CARTESIAN_POINT('Origin',(88.6686703714184,-1.09584497635485,0.));
#2954=CARTESIAN_POINT('',(91.1686703714184,-1.09584497635485,20.));
#2955=CARTESIAN_POINT('Origin',(88.6686703714184,-1.09584497635485,20.));
#2956=CARTESIAN_POINT('',(91.1686703714184,-1.09584497635485,0.));
#2957=CARTESIAN_POINT('',(91.1686703714184,-1.09584497635485,0.));
#2958=CARTESIAN_POINT('Origin',(88.6686703714184,-1.09584497635485,0.));
#2959=CARTESIAN_POINT('Origin',(88.6686703714184,-1.09584497635485,0.));
#2960=CARTESIAN_POINT('Origin',(96.6407491664899,-1.76950439016389,0.));
#2961=CARTESIAN_POINT('',(99.1407491664899,-1.76950439016389,20.));
#2962=CARTESIAN_POINT('Origin',(96.6407491664899,-1.76950439016389,20.));
#2963=CARTESIAN_POINT('',(99.1407491664899,-1.76950439016389,0.));
#2964=CARTESIAN_POINT('',(99.1407491664899,-1.76950439016389,0.));
#2965=CARTESIAN_POINT('Origin',(96.6407491664899,-1.76950439016389,0.));
#2966=CARTESIAN_POINT('Origin',(96.6407491664899,-1.76950439016389,0.));
#2967=CARTESIAN_POINT('Origin',(103.877235946834,-2.44917904646808,0.));
#2968=CARTESIAN_POINT('',(106.377235946834,-2.44917904646808,20.));
#2969=CARTESIAN_POINT('Origin',(103.877235946834,-2.44917904646808,20.));
#2970=CARTESIAN_POINT('',(106.377235946834,-2.44917904646808,0.));
#2971=CARTESIAN_POINT('',(106.377235946834,-2.44917904646808,0.));
#2972=CARTESIAN_POINT('Origin',(103.877235946834,-2.44917904646808,0.));
#2973=CARTESIAN_POINT('Origin',(103.877235946834,-2.44917904646808,0.));
#2974=CARTESIAN_POINT('Origin',(46.8864514899367,59.174951192125,0.));
#2975=CARTESIAN_POINT('',(49.3864514899367,59.174951192125,20.));
#2976=CARTESIAN_POINT('Origin',(46.8864514899367,59.174951192125,20.));
#2977=CARTESIAN_POINT('',(49.3864514899367,59.174951192125,0.));
#2978=CARTESIAN_POINT('',(49.3864514899367,59.174951192125,0.));
#2979=CARTESIAN_POINT('Origin',(46.8864514899367,59.174951192125,0.));
#2980=CARTESIAN_POINT('Origin',(46.8864514899367,59.174951192125,0.));
#2981=CARTESIAN_POINT('Origin',(14.6599164192465,58.4753578486359,0.));
#2982=CARTESIAN_POINT('',(17.1599164192465,58.4753578486359,20.));
#2983=CARTESIAN_POINT('Origin',(14.6599164192465,58.4753578486359,20.));
#2984=CARTESIAN_POINT('',(17.1599164192465,58.4753578486359,0.));
#2985=CARTESIAN_POINT('',(17.1599164192465,58.4753578486359,0.));
#2986=CARTESIAN_POINT('Origin',(14.6599164192465,58.4753578486359,0.));
#2987=CARTESIAN_POINT('',(12.6416698489612,57.,0.));
#2988=CARTESIAN_POINT('',(12.6416698489612,57.,0.));
#2989=CARTESIAN_POINT('Origin',(14.6599164192465,58.4753578486359,0.));
#2990=CARTESIAN_POINT('Origin',(9.74084530811963,57.,0.));
#2991=CARTESIAN_POINT('',(9.74084530811963,57.,0.));
#2992=CARTESIAN_POINT('',(9.74084530811963,57.,0.));
#2993=CARTESIAN_POINT('',(145.,57.,0.));
#2994=CARTESIAN_POINT('Origin',(7.24442644591967,57.1337642121507,0.));
#2995=CARTESIAN_POINT('',(9.74442644591967,57.1337642121507,20.));
#2996=CARTESIAN_POINT('Origin',(7.24442644591967,57.1337642121507,20.));
#2997=CARTESIAN_POINT('',(9.74442644591967,57.1337642121507,0.));
#2998=CARTESIAN_POINT('',(9.74442644591967,57.1337642121507,0.));
#2999=CARTESIAN_POINT('Origin',(7.24442644591967,57.1337642121507,0.));
#3000=CARTESIAN_POINT('Origin',(7.24442644591967,57.1337642121507,0.));
#3001=CARTESIAN_POINT('Origin',(-4.9737991503207E-13,55.86341613904,0.));
#3002=CARTESIAN_POINT('',(2.4999999999995,55.86341613904,20.));
#3003=CARTESIAN_POINT('Origin',(-4.9737991503207E-13,55.86341613904,20.));
#3004=CARTESIAN_POINT('',(2.4999999999995,55.86341613904,0.));
#3005=CARTESIAN_POINT('Origin',(-4.9737991503207E-13,55.86341613904,0.));
#3006=CARTESIAN_POINT('Origin',(-5.00000007450581,70.0000010430813,0.));
#3007=CARTESIAN_POINT('',(-5.00000007450581,70.0000010430813,0.));
#3008=CARTESIAN_POINT('',(-5.00000007450581,-15.,0.));
#3009=CARTESIAN_POINT('',(-5.00000007450581,-15.,0.));
#3010=CARTESIAN_POINT('',(-5.00000007450581,-15.,0.));
#3011=CARTESIAN_POINT('',(-5.00000007450581,-15.,20.));
#3012=CARTESIAN_POINT('',(-5.00000007450581,-15.,0.));
#3013=CARTESIAN_POINT('',(-5.00000007450581,70.0000010430813,20.));
#3014=CARTESIAN_POINT('',(-5.00000007450581,-15.,20.));
#3015=CARTESIAN_POINT('',(-5.00000007450581,70.0000010430813,0.));
#3016=CARTESIAN_POINT('Origin',(160.,70.0000010430813,0.));
#3017=CARTESIAN_POINT('',(160.,70.0000010430813,0.));
#3018=CARTESIAN_POINT('',(-5.00000007450581,70.0000010430813,0.));
#3019=CARTESIAN_POINT('',(160.,70.0000010430813,20.));
#3020=CARTESIAN_POINT('',(-5.00000007450581,70.0000010430813,20.));
#3021=CARTESIAN_POINT('',(160.,70.0000010430813,0.));
#3022=CARTESIAN_POINT('Origin',(160.,-15.,0.));
#3023=CARTESIAN_POINT('',(160.,-15.,0.));
#3024=CARTESIAN_POINT('',(160.,70.0000010430813,0.));
#3025=CARTESIAN_POINT('',(160.,-15.,20.));
#3026=CARTESIAN_POINT('',(160.,70.0000010430813,20.));
#3027=CARTESIAN_POINT('',(160.,-15.,0.));
#3028=CARTESIAN_POINT('Origin',(-5.00000007450581,-15.,0.));
#3029=CARTESIAN_POINT('',(160.,-15.,0.));
#3030=CARTESIAN_POINT('',(160.,-15.,20.));
#3031=CARTESIAN_POINT('Origin',(77.4999999627471,27.5000005215406,20.));
#3032=CARTESIAN_POINT('Origin',(77.4999999627471,27.5000005215406,0.));
#3033=UNCERTAINTY_MEASURE_WITH_UNIT(LENGTH_MEASURE(0.01),#3037,
'DISTANCE_ACCURACY_VALUE',
'Maximum model space distance between geometric entities at asserted c
onnectivities');
#3034=UNCERTAINTY_MEASURE_WITH_UNIT(LENGTH_MEASURE(0.01),#3037,
'DISTANCE_ACCURACY_VALUE',
'Maximum model space distance between geometric entities at asserted c
onnectivities');
#3035=(
GEOMETRIC_REPRESENTATION_CONTEXT(3)
GLOBAL_UNCERTAINTY_ASSIGNED_CONTEXT((#3033))
GLOBAL_UNIT_ASSIGNED_CONTEXT((#3037,#3039,#3040))
REPRESENTATION_CONTEXT('','3D')
);
#3036=(
GEOMETRIC_REPRESENTATION_CONTEXT(3)
GLOBAL_UNCERTAINTY_ASSIGNED_CONTEXT((#3034))
GLOBAL_UNIT_ASSIGNED_CONTEXT((#3037,#3039,#3040))
REPRESENTATION_CONTEXT('','3D')
);
#3037=(
LENGTH_UNIT()
NAMED_UNIT(*)
SI_UNIT(.MILLI.,.METRE.)
);
#3038=(
LENGTH_UNIT()
NAMED_UNIT(*)
SI_UNIT($,.METRE.)
);
#3039=(
NAMED_UNIT(*)
PLANE_ANGLE_UNIT()
SI_UNIT($,.RADIAN.)
);
#3040=(
NAMED_UNIT(*)
SI_UNIT($,.STERADIAN.)
SOLID_ANGLE_UNIT()
);
#3041=SHAPE_DEFINITION_REPRESENTATION(#3042,#3043);
#3042=PRODUCT_DEFINITION_SHAPE('',$,#3045);
#3043=SHAPE_REPRESENTATION('',(#1805),#3035);
#3044=PRODUCT_DEFINITION_CONTEXT('part definition',#3049,'design');
#3045=PRODUCT_DEFINITION('headstock_guide','headstock_guide v3',#3046,#3044);
#3046=PRODUCT_DEFINITION_FORMATION('',$,#3051);
#3047=PRODUCT_RELATED_PRODUCT_CATEGORY('headstock_guide v3',
'headstock_guide v3',(#3051));
#3048=APPLICATION_PROTOCOL_DEFINITION('international standard',
'automotive_design',2009,#3049);
#3049=APPLICATION_CONTEXT(
'Core Data for Automotive Mechanical Design Process');
#3050=PRODUCT_CONTEXT('part definition',#3049,'mechanical');
#3051=PRODUCT('headstock_guide','headstock_guide v3',$,(#3050));
#3052=PRESENTATION_STYLE_ASSIGNMENT((#3053));
#3053=SURFACE_STYLE_USAGE(.BOTH.,#3054);
#3054=SURFACE_SIDE_STYLE('',(#3055));
#3055=SURFACE_STYLE_FILL_AREA(#3056);
#3056=FILL_AREA_STYLE('Steel - Satin',(#3057));
#3057=FILL_AREA_STYLE_COLOUR('Steel - Satin',#3058);
#3058=COLOUR_RGB('Steel - Satin',0.627450980392157,0.627450980392157,0.627450980392157);
ENDSEC;
END-ISO-10303-21;
