ISO-10303-21;
HEADER;
/* Generated by software containing ST-Developer
 * from STEP Tools, Inc. (www.steptools.com) 
 */

FILE_DESCRIPTION(
/* description */ (''),
/* implementation_level */ '2;1');

FILE_NAME(
/* name */ 'pickup_bobin.step',
/* time_stamp */ '2026-08-21T21:13:20+01:00',
/* author */ (''),
/* organization */ (''),
/* preprocessor_version */ 'ST-DEVELOPER v20.1',
/* originating_system */ 'Autodesk Translation Framework v15.8.0.0',
/* authorisation */ '');

FILE_SCHEMA (('AUTOMOTIVE_DESIGN { 1 0 10303 214 3 1 1 }'));
ENDSEC;

DATA;
#10=MECHANICAL_DESIGN_GEOMETRIC_PRESENTATION_REPRESENTATION('',(#13,#14),
#2928);
#11=SHAPE_REPRESENTATION_RELATIONSHIP('SRR','None',#2935,#12);
#12=ADVANCED_BREP_SHAPE_REPRESENTATION('',(#15,#16),#2927);
#13=STYLED_ITEM('',(#2944),#15);
#14=STYLED_ITEM('',(#2944),#16);
#15=MANIFOLD_SOLID_BREP('Pickup',#1709);
#16=MANIFOLD_SOLID_BREP('Mount',#1710);
#17=FACE_BOUND('',#198,.T.);
#18=FACE_BOUND('',#199,.T.);
#19=FACE_BOUND('',#200,.T.);
#20=FACE_BOUND('',#201,.T.);
#21=FACE_BOUND('',#202,.T.);
#22=FACE_BOUND('',#203,.T.);
#23=FACE_BOUND('',#217,.T.);
#24=FACE_BOUND('',#218,.T.);
#25=FACE_BOUND('',#219,.T.);
#26=FACE_BOUND('',#220,.T.);
#27=FACE_BOUND('',#221,.T.);
#28=FACE_BOUND('',#222,.T.);
#29=FACE_BOUND('',#244,.T.);
#30=FACE_BOUND('',#266,.T.);
#31=FACE_BOUND('',#267,.T.);
#32=FACE_BOUND('',#268,.T.);
#33=FACE_BOUND('',#269,.T.);
#34=FACE_BOUND('',#274,.T.);
#35=FACE_BOUND('',#279,.T.);
#36=FACE_BOUND('',#294,.T.);
#37=FACE_BOUND('',#295,.T.);
#38=CONICAL_SURFACE('',#1754,2.75,0.785398163397449);
#39=CONICAL_SURFACE('',#1769,2.75,0.785398163397447);
#40=CONICAL_SURFACE('',#1773,2.75,0.785398163397447);
#41=CONICAL_SURFACE('',#1777,2.75,0.785398163397447);
#42=CONICAL_SURFACE('',#1781,2.75,0.785398163397447);
#43=CONICAL_SURFACE('',#1785,2.75,0.785398163397447);
#44=CONICAL_SURFACE('',#1789,2.75,0.785398163397448);
#45=CONICAL_SURFACE('',#1801,2.75,0.785398163397446);
#46=CONICAL_SURFACE('',#1802,2.75,0.785398163397446);
#47=CONICAL_SURFACE('',#1803,2.75,0.785398163397446);
#48=CONICAL_SURFACE('',#1804,2.75,0.785398163397446);
#49=CONICAL_SURFACE('',#1805,2.75,0.785398163397446);
#50=PLANE('',#1732);
#51=PLANE('',#1739);
#52=PLANE('',#1748);
#53=PLANE('',#1749);
#54=PLANE('',#1752);
#55=PLANE('',#1753);
#56=PLANE('',#1757);
#57=PLANE('',#1791);
#58=PLANE('',#1808);
#59=PLANE('',#1813);
#60=PLANE('',#1816);
#61=PLANE('',#1817);
#62=PLANE('',#1820);
#63=PLANE('',#1823);
#64=PLANE('',#1826);
#65=PLANE('',#1829);
#66=PLANE('',#1830);
#67=PLANE('',#1833);
#68=PLANE('',#1835);
#69=PLANE('',#1840);
#70=PLANE('',#1844);
#71=PLANE('',#1845);
#72=PLANE('',#1846);
#73=PLANE('',#1850);
#74=PLANE('',#1854);
#75=PLANE('',#1855);
#76=PLANE('',#1856);
#77=PLANE('',#1857);
#78=PLANE('',#1858);
#79=PLANE('',#1870);
#80=PLANE('',#1874);
#81=PLANE('',#1881);
#82=PLANE('',#1885);
#83=PLANE('',#1890);
#84=PLANE('',#1893);
#85=PLANE('',#1897);
#86=PLANE('',#1900);
#87=PLANE('',#1902);
#88=PLANE('',#1904);
#89=B_SPLINE_CURVE_WITH_KNOTS('',3,(#2434,#2435,#2436,#2437,#2438,#2439),
 .UNSPECIFIED.,.F.,.F.,(4,2,4),(0.252766120019255,0.29099773330059,0.349779142867044),
 .UNSPECIFIED.);
#90=B_SPLINE_CURVE_WITH_KNOTS('',3,(#2464,#2465,#2466,#2467,#2468,#2469),
 .UNSPECIFIED.,.F.,.F.,(4,2,4),(0.,0.0587814095664541,0.0970130228477891),
 .UNSPECIFIED.);
#91=TOROIDAL_SURFACE('',#1727,1.,0.5);
#92=TOROIDAL_SURFACE('',#1736,1.,0.5);
#93=FACE_OUTER_BOUND('',#184,.T.);
#94=FACE_OUTER_BOUND('',#185,.T.);
#95=FACE_OUTER_BOUND('',#186,.T.);
#96=FACE_OUTER_BOUND('',#187,.T.);
#97=FACE_OUTER_BOUND('',#188,.T.);
#98=FACE_OUTER_BOUND('',#189,.T.);
#99=FACE_OUTER_BOUND('',#190,.T.);
#100=FACE_OUTER_BOUND('',#191,.T.);
#101=FACE_OUTER_BOUND('',#192,.T.);
#102=FACE_OUTER_BOUND('',#193,.T.);
#103=FACE_OUTER_BOUND('',#194,.T.);
#104=FACE_OUTER_BOUND('',#195,.T.);
#105=FACE_OUTER_BOUND('',#196,.T.);
#106=FACE_OUTER_BOUND('',#197,.T.);
#107=FACE_OUTER_BOUND('',#204,.T.);
#108=FACE_OUTER_BOUND('',#205,.T.);
#109=FACE_OUTER_BOUND('',#206,.T.);
#110=FACE_OUTER_BOUND('',#207,.T.);
#111=FACE_OUTER_BOUND('',#208,.T.);
#112=FACE_OUTER_BOUND('',#209,.T.);
#113=FACE_OUTER_BOUND('',#210,.T.);
#114=FACE_OUTER_BOUND('',#211,.T.);
#115=FACE_OUTER_BOUND('',#212,.T.);
#116=FACE_OUTER_BOUND('',#213,.T.);
#117=FACE_OUTER_BOUND('',#214,.T.);
#118=FACE_OUTER_BOUND('',#215,.T.);
#119=FACE_OUTER_BOUND('',#216,.T.);
#120=FACE_OUTER_BOUND('',#223,.T.);
#121=FACE_OUTER_BOUND('',#224,.T.);
#122=FACE_OUTER_BOUND('',#225,.T.);
#123=FACE_OUTER_BOUND('',#226,.T.);
#124=FACE_OUTER_BOUND('',#227,.T.);
#125=FACE_OUTER_BOUND('',#228,.T.);
#126=FACE_OUTER_BOUND('',#229,.T.);
#127=FACE_OUTER_BOUND('',#230,.T.);
#128=FACE_OUTER_BOUND('',#231,.T.);
#129=FACE_OUTER_BOUND('',#232,.T.);
#130=FACE_OUTER_BOUND('',#233,.T.);
#131=FACE_OUTER_BOUND('',#234,.T.);
#132=FACE_OUTER_BOUND('',#235,.T.);
#133=FACE_OUTER_BOUND('',#236,.T.);
#134=FACE_OUTER_BOUND('',#237,.T.);
#135=FACE_OUTER_BOUND('',#238,.T.);
#136=FACE_OUTER_BOUND('',#239,.T.);
#137=FACE_OUTER_BOUND('',#240,.T.);
#138=FACE_OUTER_BOUND('',#241,.T.);
#139=FACE_OUTER_BOUND('',#242,.T.);
#140=FACE_OUTER_BOUND('',#243,.T.);
#141=FACE_OUTER_BOUND('',#245,.T.);
#142=FACE_OUTER_BOUND('',#246,.T.);
#143=FACE_OUTER_BOUND('',#247,.T.);
#144=FACE_OUTER_BOUND('',#248,.T.);
#145=FACE_OUTER_BOUND('',#249,.T.);
#146=FACE_OUTER_BOUND('',#250,.T.);
#147=FACE_OUTER_BOUND('',#251,.T.);
#148=FACE_OUTER_BOUND('',#252,.T.);
#149=FACE_OUTER_BOUND('',#253,.T.);
#150=FACE_OUTER_BOUND('',#254,.T.);
#151=FACE_OUTER_BOUND('',#255,.T.);
#152=FACE_OUTER_BOUND('',#256,.T.);
#153=FACE_OUTER_BOUND('',#257,.T.);
#154=FACE_OUTER_BOUND('',#258,.T.);
#155=FACE_OUTER_BOUND('',#259,.T.);
#156=FACE_OUTER_BOUND('',#260,.T.);
#157=FACE_OUTER_BOUND('',#261,.T.);
#158=FACE_OUTER_BOUND('',#262,.T.);
#159=FACE_OUTER_BOUND('',#263,.T.);
#160=FACE_OUTER_BOUND('',#264,.T.);
#161=FACE_OUTER_BOUND('',#265,.T.);
#162=FACE_OUTER_BOUND('',#270,.T.);
#163=FACE_OUTER_BOUND('',#271,.T.);
#164=FACE_OUTER_BOUND('',#272,.T.);
#165=FACE_OUTER_BOUND('',#273,.T.);
#166=FACE_OUTER_BOUND('',#275,.T.);
#167=FACE_OUTER_BOUND('',#276,.T.);
#168=FACE_OUTER_BOUND('',#277,.T.);
#169=FACE_OUTER_BOUND('',#278,.T.);
#170=FACE_OUTER_BOUND('',#280,.T.);
#171=FACE_OUTER_BOUND('',#281,.T.);
#172=FACE_OUTER_BOUND('',#282,.T.);
#173=FACE_OUTER_BOUND('',#283,.T.);
#174=FACE_OUTER_BOUND('',#284,.T.);
#175=FACE_OUTER_BOUND('',#285,.T.);
#176=FACE_OUTER_BOUND('',#286,.T.);
#177=FACE_OUTER_BOUND('',#287,.T.);
#178=FACE_OUTER_BOUND('',#288,.T.);
#179=FACE_OUTER_BOUND('',#289,.T.);
#180=FACE_OUTER_BOUND('',#290,.T.);
#181=FACE_OUTER_BOUND('',#291,.T.);
#182=FACE_OUTER_BOUND('',#292,.T.);
#183=FACE_OUTER_BOUND('',#293,.T.);
#184=EDGE_LOOP('',(#1092,#1093,#1094,#1095));
#185=EDGE_LOOP('',(#1096,#1097,#1098,#1099));
#186=EDGE_LOOP('',(#1100,#1101,#1102,#1103));
#187=EDGE_LOOP('',(#1104,#1105,#1106,#1107));
#188=EDGE_LOOP('',(#1108,#1109,#1110,#1111));
#189=EDGE_LOOP('',(#1112,#1113,#1114,#1115));
#190=EDGE_LOOP('',(#1116,#1117,#1118,#1119,#1120,#1121,#1122,#1123,#1124,
#1125,#1126,#1127,#1128,#1129,#1130,#1131,#1132,#1133,#1134,#1135,#1136,
#1137));
#191=EDGE_LOOP('',(#1138,#1139,#1140,#1141,#1142));
#192=EDGE_LOOP('',(#1143,#1144,#1145,#1146));
#193=EDGE_LOOP('',(#1147,#1148,#1149,#1150));
#194=EDGE_LOOP('',(#1151,#1152,#1153,#1154,#1155,#1156,#1157,#1158,#1159,
#1160));
#195=EDGE_LOOP('',(#1161,#1162,#1163,#1164,#1165));
#196=EDGE_LOOP('',(#1166,#1167,#1168,#1169));
#197=EDGE_LOOP('',(#1170,#1171,#1172,#1173,#1174,#1175,#1176,#1177,#1178,
#1179,#1180,#1181,#1182,#1183));
#198=EDGE_LOOP('',(#1184));
#199=EDGE_LOOP('',(#1185));
#200=EDGE_LOOP('',(#1186));
#201=EDGE_LOOP('',(#1187));
#202=EDGE_LOOP('',(#1188));
#203=EDGE_LOOP('',(#1189));
#204=EDGE_LOOP('',(#1190,#1191,#1192,#1193));
#205=EDGE_LOOP('',(#1194,#1195,#1196,#1197));
#206=EDGE_LOOP('',(#1198,#1199,#1200,#1201));
#207=EDGE_LOOP('',(#1202,#1203,#1204,#1205));
#208=EDGE_LOOP('',(#1206,#1207,#1208,#1209));
#209=EDGE_LOOP('',(#1210,#1211,#1212,#1213));
#210=EDGE_LOOP('',(#1214,#1215,#1216,#1217));
#211=EDGE_LOOP('',(#1218,#1219,#1220,#1221));
#212=EDGE_LOOP('',(#1222,#1223,#1224,#1225));
#213=EDGE_LOOP('',(#1226,#1227,#1228,#1229));
#214=EDGE_LOOP('',(#1230,#1231,#1232,#1233));
#215=EDGE_LOOP('',(#1234,#1235,#1236,#1237));
#216=EDGE_LOOP('',(#1238,#1239,#1240,#1241,#1242,#1243,#1244,#1245));
#217=EDGE_LOOP('',(#1246));
#218=EDGE_LOOP('',(#1247));
#219=EDGE_LOOP('',(#1248));
#220=EDGE_LOOP('',(#1249));
#221=EDGE_LOOP('',(#1250));
#222=EDGE_LOOP('',(#1251));
#223=EDGE_LOOP('',(#1252,#1253,#1254,#1255));
#224=EDGE_LOOP('',(#1256,#1257,#1258,#1259));
#225=EDGE_LOOP('',(#1260,#1261,#1262,#1263));
#226=EDGE_LOOP('',(#1264,#1265,#1266,#1267));
#227=EDGE_LOOP('',(#1268,#1269,#1270,#1271));
#228=EDGE_LOOP('',(#1272,#1273,#1274,#1275));
#229=EDGE_LOOP('',(#1276,#1277,#1278,#1279));
#230=EDGE_LOOP('',(#1280,#1281,#1282,#1283));
#231=EDGE_LOOP('',(#1284,#1285,#1286,#1287));
#232=EDGE_LOOP('',(#1288,#1289,#1290,#1291));
#233=EDGE_LOOP('',(#1292,#1293,#1294,#1295));
#234=EDGE_LOOP('',(#1296,#1297,#1298,#1299));
#235=EDGE_LOOP('',(#1300,#1301,#1302,#1303));
#236=EDGE_LOOP('',(#1304,#1305,#1306,#1307));
#237=EDGE_LOOP('',(#1308,#1309,#1310,#1311));
#238=EDGE_LOOP('',(#1312,#1313,#1314,#1315));
#239=EDGE_LOOP('',(#1316,#1317,#1318,#1319));
#240=EDGE_LOOP('',(#1320,#1321,#1322,#1323));
#241=EDGE_LOOP('',(#1324,#1325,#1326,#1327));
#242=EDGE_LOOP('',(#1328,#1329,#1330,#1331));
#243=EDGE_LOOP('',(#1332,#1333,#1334,#1335,#1336,#1337,#1338,#1339));
#244=EDGE_LOOP('',(#1340,#1341,#1342,#1343,#1344,#1345,#1346,#1347));
#245=EDGE_LOOP('',(#1348,#1349,#1350,#1351));
#246=EDGE_LOOP('',(#1352,#1353,#1354,#1355));
#247=EDGE_LOOP('',(#1356,#1357,#1358,#1359));
#248=EDGE_LOOP('',(#1360,#1361,#1362,#1363));
#249=EDGE_LOOP('',(#1364,#1365,#1366,#1367));
#250=EDGE_LOOP('',(#1368,#1369,#1370,#1371));
#251=EDGE_LOOP('',(#1372,#1373,#1374,#1375));
#252=EDGE_LOOP('',(#1376,#1377,#1378,#1379));
#253=EDGE_LOOP('',(#1380,#1381,#1382,#1383));
#254=EDGE_LOOP('',(#1384,#1385,#1386,#1387));
#255=EDGE_LOOP('',(#1388,#1389,#1390,#1391));
#256=EDGE_LOOP('',(#1392,#1393,#1394,#1395));
#257=EDGE_LOOP('',(#1396,#1397,#1398,#1399));
#258=EDGE_LOOP('',(#1400,#1401,#1402,#1403));
#259=EDGE_LOOP('',(#1404,#1405,#1406,#1407));
#260=EDGE_LOOP('',(#1408,#1409,#1410,#1411));
#261=EDGE_LOOP('',(#1412,#1413,#1414,#1415));
#262=EDGE_LOOP('',(#1416,#1417,#1418,#1419));
#263=EDGE_LOOP('',(#1420,#1421,#1422,#1423,#1424,#1425));
#264=EDGE_LOOP('',(#1426,#1427,#1428,#1429,#1430,#1431));
#265=EDGE_LOOP('',(#1432,#1433,#1434,#1435,#1436,#1437,#1438,#1439,#1440,
#1441,#1442,#1443,#1444,#1445));
#266=EDGE_LOOP('',(#1446,#1447,#1448,#1449,#1450));
#267=EDGE_LOOP('',(#1451,#1452,#1453,#1454,#1455));
#268=EDGE_LOOP('',(#1456));
#269=EDGE_LOOP('',(#1457));
#270=EDGE_LOOP('',(#1458,#1459,#1460,#1461));
#271=EDGE_LOOP('',(#1462,#1463,#1464,#1465));
#272=EDGE_LOOP('',(#1466,#1467,#1468,#1469));
#273=EDGE_LOOP('',(#1470,#1471,#1472,#1473,#1474,#1475,#1476,#1477));
#274=EDGE_LOOP('',(#1478));
#275=EDGE_LOOP('',(#1479,#1480,#1481,#1482));
#276=EDGE_LOOP('',(#1483,#1484,#1485,#1486));
#277=EDGE_LOOP('',(#1487,#1488,#1489,#1490));
#278=EDGE_LOOP('',(#1491,#1492,#1493,#1494,#1495,#1496,#1497,#1498));
#279=EDGE_LOOP('',(#1499));
#280=EDGE_LOOP('',(#1500,#1501,#1502,#1503));
#281=EDGE_LOOP('',(#1504,#1505,#1506,#1507));
#282=EDGE_LOOP('',(#1508,#1509,#1510,#1511));
#283=EDGE_LOOP('',(#1512,#1513,#1514,#1515));
#284=EDGE_LOOP('',(#1516,#1517,#1518,#1519));
#285=EDGE_LOOP('',(#1520,#1521,#1522,#1523));
#286=EDGE_LOOP('',(#1524,#1525,#1526,#1527));
#287=EDGE_LOOP('',(#1528,#1529,#1530,#1531));
#288=EDGE_LOOP('',(#1532,#1533,#1534,#1535));
#289=EDGE_LOOP('',(#1536,#1537,#1538,#1539));
#290=EDGE_LOOP('',(#1540,#1541,#1542,#1543));
#291=EDGE_LOOP('',(#1544,#1545,#1546,#1547,#1548,#1549,#1550,#1551));
#292=EDGE_LOOP('',(#1552,#1553,#1554,#1555));
#293=EDGE_LOOP('',(#1556,#1557,#1558,#1559,#1560,#1561,#1562,#1563,#1564,
#1565,#1566,#1567,#1568,#1569));
#294=EDGE_LOOP('',(#1570,#1571,#1572,#1573,#1574));
#295=EDGE_LOOP('',(#1575,#1576,#1577,#1578,#1579));
#296=LINE('',#2427,#448);
#297=LINE('',#2430,#449);
#298=LINE('',#2444,#450);
#299=LINE('',#2447,#451);
#300=LINE('',#2450,#452);
#301=LINE('',#2451,#453);
#302=LINE('',#2457,#454);
#303=LINE('',#2460,#455);
#304=LINE('',#2474,#456);
#305=LINE('',#2478,#457);
#306=LINE('',#2482,#458);
#307=LINE('',#2486,#459);
#308=LINE('',#2489,#460);
#309=LINE('',#2491,#461);
#310=LINE('',#2495,#462);
#311=LINE('',#2499,#463);
#312=LINE('',#2503,#464);
#313=LINE('',#2506,#465);
#314=LINE('',#2509,#466);
#315=LINE('',#2511,#467);
#316=LINE('',#2512,#468);
#317=LINE('',#2515,#469);
#318=LINE('',#2516,#470);
#319=LINE('',#2519,#471);
#320=LINE('',#2523,#472);
#321=LINE('',#2525,#473);
#322=LINE('',#2526,#474);
#323=LINE('',#2527,#475);
#324=LINE('',#2530,#476);
#325=LINE('',#2531,#477);
#326=LINE('',#2536,#478);
#327=LINE('',#2542,#479);
#328=LINE('',#2546,#480);
#329=LINE('',#2550,#481);
#330=LINE('',#2565,#482);
#331=LINE('',#2569,#483);
#332=LINE('',#2573,#484);
#333=LINE('',#2577,#485);
#334=LINE('',#2581,#486);
#335=LINE('',#2585,#487);
#336=LINE('',#2589,#488);
#337=LINE('',#2593,#489);
#338=LINE('',#2597,#490);
#339=LINE('',#2601,#491);
#340=LINE('',#2605,#492);
#341=LINE('',#2609,#493);
#342=LINE('',#2615,#494);
#343=LINE('',#2619,#495);
#344=LINE('',#2623,#496);
#345=LINE('',#2626,#497);
#346=LINE('',#2638,#498);
#347=LINE('',#2640,#499);
#348=LINE('',#2642,#500);
#349=LINE('',#2644,#501);
#350=LINE('',#2646,#502);
#351=LINE('',#2649,#503);
#352=LINE('',#2653,#504);
#353=LINE('',#2654,#505);
#354=LINE('',#2657,#506);
#355=LINE('',#2662,#507);
#356=LINE('',#2665,#508);
#357=LINE('',#2666,#509);
#358=LINE('',#2670,#510);
#359=LINE('',#2672,#511);
#360=LINE('',#2675,#512);
#361=LINE('',#2677,#513);
#362=LINE('',#2678,#514);
#363=LINE('',#2682,#515);
#364=LINE('',#2685,#516);
#365=LINE('',#2686,#517);
#366=LINE('',#2690,#518);
#367=LINE('',#2693,#519);
#368=LINE('',#2694,#520);
#369=LINE('',#2698,#521);
#370=LINE('',#2701,#522);
#371=LINE('',#2702,#523);
#372=LINE('',#2707,#524);
#373=LINE('',#2708,#525);
#374=LINE('',#2711,#526);
#375=LINE('',#2713,#527);
#376=LINE('',#2715,#528);
#377=LINE('',#2717,#529);
#378=LINE('',#2724,#530);
#379=LINE('',#2727,#531);
#380=LINE('',#2730,#532);
#381=LINE('',#2732,#533);
#382=LINE('',#2733,#534);
#383=LINE('',#2739,#535);
#384=LINE('',#2742,#536);
#385=LINE('',#2745,#537);
#386=LINE('',#2747,#538);
#387=LINE('',#2748,#539);
#388=LINE('',#2751,#540);
#389=LINE('',#2753,#541);
#390=LINE('',#2754,#542);
#391=LINE('',#2757,#543);
#392=LINE('',#2759,#544);
#393=LINE('',#2760,#545);
#394=LINE('',#2766,#546);
#395=LINE('',#2769,#547);
#396=LINE('',#2772,#548);
#397=LINE('',#2774,#549);
#398=LINE('',#2775,#550);
#399=LINE('',#2780,#551);
#400=LINE('',#2784,#552);
#401=LINE('',#2786,#553);
#402=LINE('',#2787,#554);
#403=LINE('',#2790,#555);
#404=LINE('',#2792,#556);
#405=LINE('',#2793,#557);
#406=LINE('',#2796,#558);
#407=LINE('',#2798,#559);
#408=LINE('',#2800,#560);
#409=LINE('',#2802,#561);
#410=LINE('',#2803,#562);
#411=LINE('',#2806,#563);
#412=LINE('',#2808,#564);
#413=LINE('',#2810,#565);
#414=LINE('',#2812,#566);
#415=LINE('',#2813,#567);
#416=LINE('',#2818,#568);
#417=LINE('',#2822,#569);
#418=LINE('',#2826,#570);
#419=LINE('',#2830,#571);
#420=LINE('',#2833,#572);
#421=LINE('',#2843,#573);
#422=LINE('',#2846,#574);
#423=LINE('',#2848,#575);
#424=LINE('',#2849,#576);
#425=LINE('',#2855,#577);
#426=LINE('',#2860,#578);
#427=LINE('',#2863,#579);
#428=LINE('',#2871,#580);
#429=LINE('',#2874,#581);
#430=LINE('',#2877,#582);
#431=LINE('',#2879,#583);
#432=LINE('',#2880,#584);
#433=LINE('',#2889,#585);
#434=LINE('',#2891,#586);
#435=LINE('',#2895,#587);
#436=LINE('',#2898,#588);
#437=LINE('',#2899,#589);
#438=LINE('',#2904,#590);
#439=LINE('',#2905,#591);
#440=LINE('',#2909,#592);
#441=LINE('',#2911,#593);
#442=LINE('',#2912,#594);
#443=LINE('',#2915,#595);
#444=LINE('',#2917,#596);
#445=LINE('',#2919,#597);
#446=LINE('',#2921,#598);
#447=LINE('',#2922,#599);
#448=VECTOR('',#1911,10.);
#449=VECTOR('',#1914,10.);
#450=VECTOR('',#1923,10.);
#451=VECTOR('',#1926,10.);
#452=VECTOR('',#1929,10.);
#453=VECTOR('',#1930,10.);
#454=VECTOR('',#1935,10.);
#455=VECTOR('',#1938,10.);
#456=VECTOR('',#1947,10.);
#457=VECTOR('',#1950,10.);
#458=VECTOR('',#1953,10.);
#459=VECTOR('',#1956,10.);
#460=VECTOR('',#1959,10.);
#461=VECTOR('',#1960,10.);
#462=VECTOR('',#1963,10.);
#463=VECTOR('',#1966,10.);
#464=VECTOR('',#1969,10.);
#465=VECTOR('',#1972,10.);
#466=VECTOR('',#1975,10.);
#467=VECTOR('',#1976,10.);
#468=VECTOR('',#1977,10.);
#469=VECTOR('',#1980,10.);
#470=VECTOR('',#1981,10.);
#471=VECTOR('',#1984,10.);
#472=VECTOR('',#1989,10.);
#473=VECTOR('',#1990,10.);
#474=VECTOR('',#1991,10.);
#475=VECTOR('',#1992,10.);
#476=VECTOR('',#1995,10.);
#477=VECTOR('',#1996,10.);
#478=VECTOR('',#2001,2.75);
#479=VECTOR('',#2008,10.);
#480=VECTOR('',#2011,10.);
#481=VECTOR('',#2014,10.);
#482=VECTOR('',#2031,2.5);
#483=VECTOR('',#2036,2.75);
#484=VECTOR('',#2041,2.5);
#485=VECTOR('',#2046,2.75);
#486=VECTOR('',#2051,2.5);
#487=VECTOR('',#2056,2.75);
#488=VECTOR('',#2061,2.5);
#489=VECTOR('',#2066,2.75);
#490=VECTOR('',#2071,2.5);
#491=VECTOR('',#2076,2.75);
#492=VECTOR('',#2081,2.5);
#493=VECTOR('',#2086,2.75);
#494=VECTOR('',#2091,10.);
#495=VECTOR('',#2094,10.);
#496=VECTOR('',#2097,10.);
#497=VECTOR('',#2100,10.);
#498=VECTOR('',#2113,2.75);
#499=VECTOR('',#2116,2.75);
#500=VECTOR('',#2119,2.75);
#501=VECTOR('',#2122,2.75);
#502=VECTOR('',#2125,2.75);
#503=VECTOR('',#2128,10.);
#504=VECTOR('',#2133,10.);
#505=VECTOR('',#2134,10.);
#506=VECTOR('',#2137,10.);
#507=VECTOR('',#2144,10.);
#508=VECTOR('',#2147,10.);
#509=VECTOR('',#2148,10.);
#510=VECTOR('',#2153,10.);
#511=VECTOR('',#2156,10.);
#512=VECTOR('',#2159,10.);
#513=VECTOR('',#2160,10.);
#514=VECTOR('',#2161,10.);
#515=VECTOR('',#2166,10.);
#516=VECTOR('',#2169,10.);
#517=VECTOR('',#2170,10.);
#518=VECTOR('',#2175,10.);
#519=VECTOR('',#2178,10.);
#520=VECTOR('',#2179,10.);
#521=VECTOR('',#2184,10.);
#522=VECTOR('',#2187,10.);
#523=VECTOR('',#2188,10.);
#524=VECTOR('',#2197,10.);
#525=VECTOR('',#2198,10.);
#526=VECTOR('',#2203,10.);
#527=VECTOR('',#2206,10.);
#528=VECTOR('',#2209,10.);
#529=VECTOR('',#2212,10.);
#530=VECTOR('',#2219,10.);
#531=VECTOR('',#2222,10.);
#532=VECTOR('',#2225,10.);
#533=VECTOR('',#2226,10.);
#534=VECTOR('',#2227,10.);
#535=VECTOR('',#2232,10.);
#536=VECTOR('',#2235,10.);
#537=VECTOR('',#2238,10.);
#538=VECTOR('',#2239,10.);
#539=VECTOR('',#2240,10.);
#540=VECTOR('',#2243,10.);
#541=VECTOR('',#2244,10.);
#542=VECTOR('',#2245,10.);
#543=VECTOR('',#2248,10.);
#544=VECTOR('',#2249,10.);
#545=VECTOR('',#2250,10.);
#546=VECTOR('',#2255,10.);
#547=VECTOR('',#2258,10.);
#548=VECTOR('',#2261,10.);
#549=VECTOR('',#2262,10.);
#550=VECTOR('',#2263,10.);
#551=VECTOR('',#2268,10.);
#552=VECTOR('',#2273,10.);
#553=VECTOR('',#2274,10.);
#554=VECTOR('',#2275,10.);
#555=VECTOR('',#2278,10.);
#556=VECTOR('',#2279,10.);
#557=VECTOR('',#2280,10.);
#558=VECTOR('',#2283,10.);
#559=VECTOR('',#2284,10.);
#560=VECTOR('',#2285,10.);
#561=VECTOR('',#2286,10.);
#562=VECTOR('',#2287,10.);
#563=VECTOR('',#2290,10.);
#564=VECTOR('',#2291,10.);
#565=VECTOR('',#2292,10.);
#566=VECTOR('',#2293,10.);
#567=VECTOR('',#2294,10.);
#568=VECTOR('',#2299,10.);
#569=VECTOR('',#2302,10.);
#570=VECTOR('',#2305,10.);
#571=VECTOR('',#2310,10.);
#572=VECTOR('',#2313,10.);
#573=VECTOR('',#2324,10.);
#574=VECTOR('',#2327,10.);
#575=VECTOR('',#2328,10.);
#576=VECTOR('',#2329,10.);
#577=VECTOR('',#2336,10.);
#578=VECTOR('',#2341,10.);
#579=VECTOR('',#2344,10.);
#580=VECTOR('',#2351,10.);
#581=VECTOR('',#2354,10.);
#582=VECTOR('',#2357,10.);
#583=VECTOR('',#2358,10.);
#584=VECTOR('',#2359,10.);
#585=VECTOR('',#2370,10.);
#586=VECTOR('',#2373,10.);
#587=VECTOR('',#2378,2.5000000372529);
#588=VECTOR('',#2381,10.);
#589=VECTOR('',#2382,10.);
#590=VECTOR('',#2389,10.);
#591=VECTOR('',#2390,10.);
#592=VECTOR('',#2397,2.5000000372529);
#593=VECTOR('',#2400,10.);
#594=VECTOR('',#2401,10.);
#595=VECTOR('',#2406,10.);
#596=VECTOR('',#2409,10.);
#597=VECTOR('',#2412,10.);
#598=VECTOR('',#2415,10.);
#599=VECTOR('',#2416,10.);
#600=CIRCLE('',#1725,0.5);
#601=CIRCLE('',#1726,0.499999999999998);
#602=CIRCLE('',#1728,1.);
#603=CIRCLE('',#1729,0.5);
#604=CIRCLE('',#1731,0.5);
#605=CIRCLE('',#1734,0.5);
#606=CIRCLE('',#1735,0.5);
#607=CIRCLE('',#1737,0.5);
#608=CIRCLE('',#1738,1.);
#609=CIRCLE('',#1740,0.499999999999999);
#610=CIRCLE('',#1741,0.500000000000003);
#611=CIRCLE('',#1742,0.499999999999998);
#612=CIRCLE('',#1743,0.499999999999999);
#613=CIRCLE('',#1744,5.);
#614=CIRCLE('',#1745,5.00000000000001);
#615=CIRCLE('',#1746,5.);
#616=CIRCLE('',#1747,5.);
#617=CIRCLE('',#1751,0.5);
#618=CIRCLE('',#1755,2.5);
#619=CIRCLE('',#1756,3.);
#620=CIRCLE('',#1758,5.);
#621=CIRCLE('',#1759,5.);
#622=CIRCLE('',#1760,5.00000000000001);
#623=CIRCLE('',#1761,5.);
#624=CIRCLE('',#1762,3.);
#625=CIRCLE('',#1763,3.);
#626=CIRCLE('',#1764,3.);
#627=CIRCLE('',#1765,3.);
#628=CIRCLE('',#1766,3.);
#629=CIRCLE('',#1768,2.5);
#630=CIRCLE('',#1770,2.5);
#631=CIRCLE('',#1772,2.5);
#632=CIRCLE('',#1774,2.5);
#633=CIRCLE('',#1776,2.5);
#634=CIRCLE('',#1778,2.5);
#635=CIRCLE('',#1780,2.5);
#636=CIRCLE('',#1782,2.5);
#637=CIRCLE('',#1784,2.5);
#638=CIRCLE('',#1786,2.5);
#639=CIRCLE('',#1788,2.5);
#640=CIRCLE('',#1790,3.);
#641=CIRCLE('',#1792,5.00000000000001);
#642=CIRCLE('',#1793,5.);
#643=CIRCLE('',#1794,5.);
#644=CIRCLE('',#1795,5.);
#645=CIRCLE('',#1796,3.);
#646=CIRCLE('',#1797,3.);
#647=CIRCLE('',#1798,3.);
#648=CIRCLE('',#1799,3.);
#649=CIRCLE('',#1800,3.);
#650=CIRCLE('',#1807,0.499999999999999);
#651=CIRCLE('',#1810,0.499999999999998);
#652=CIRCLE('',#1812,0.499999999999999);
#653=CIRCLE('',#1815,0.500000000000003);
#654=CIRCLE('',#1819,5.);
#655=CIRCLE('',#1822,5.);
#656=CIRCLE('',#1825,5.);
#657=CIRCLE('',#1828,5.00000000000001);
#658=CIRCLE('',#1838,0.5);
#659=CIRCLE('',#1839,0.5);
#660=CIRCLE('',#1842,0.5);
#661=CIRCLE('',#1843,0.5);
#662=CIRCLE('',#1848,0.5);
#663=CIRCLE('',#1849,0.5);
#664=CIRCLE('',#1852,0.5);
#665=CIRCLE('',#1853,0.5);
#666=CIRCLE('',#1859,5.);
#667=CIRCLE('',#1860,5.);
#668=CIRCLE('',#1861,5.00000000000002);
#669=CIRCLE('',#1862,5.00000000000002);
#670=CIRCLE('',#1863,3.);
#671=CIRCLE('',#1864,3.);
#672=CIRCLE('',#1865,2.5000000372529);
#673=CIRCLE('',#1866,2.5000000372529);
#674=CIRCLE('',#1868,5.);
#675=CIRCLE('',#1869,5.);
#676=CIRCLE('',#1872,5.00000000000001);
#677=CIRCLE('',#1873,5.00000000000001);
#678=CIRCLE('',#1875,5.00000000000002);
#679=CIRCLE('',#1876,5.00000000000002);
#680=CIRCLE('',#1877,2.5000000372529);
#681=CIRCLE('',#1879,5.);
#682=CIRCLE('',#1880,5.);
#683=CIRCLE('',#1883,5.);
#684=CIRCLE('',#1884,5.);
#685=CIRCLE('',#1886,5.);
#686=CIRCLE('',#1887,5.);
#687=CIRCLE('',#1888,2.5000000372529);
#688=CIRCLE('',#1892,3.);
#689=CIRCLE('',#1895,3.);
#690=VERTEX_POINT('',#2423);
#691=VERTEX_POINT('',#2424);
#692=VERTEX_POINT('',#2426);
#693=VERTEX_POINT('',#2428);
#694=VERTEX_POINT('',#2432);
#695=VERTEX_POINT('',#2433);
#696=VERTEX_POINT('',#2443);
#697=VERTEX_POINT('',#2445);
#698=VERTEX_POINT('',#2449);
#699=VERTEX_POINT('',#2453);
#700=VERTEX_POINT('',#2454);
#701=VERTEX_POINT('',#2456);
#702=VERTEX_POINT('',#2458);
#703=VERTEX_POINT('',#2462);
#704=VERTEX_POINT('',#2463);
#705=VERTEX_POINT('',#2473);
#706=VERTEX_POINT('',#2475);
#707=VERTEX_POINT('',#2477);
#708=VERTEX_POINT('',#2479);
#709=VERTEX_POINT('',#2481);
#710=VERTEX_POINT('',#2483);
#711=VERTEX_POINT('',#2485);
#712=VERTEX_POINT('',#2487);
#713=VERTEX_POINT('',#2490);
#714=VERTEX_POINT('',#2492);
#715=VERTEX_POINT('',#2494);
#716=VERTEX_POINT('',#2496);
#717=VERTEX_POINT('',#2498);
#718=VERTEX_POINT('',#2500);
#719=VERTEX_POINT('',#2502);
#720=VERTEX_POINT('',#2504);
#721=VERTEX_POINT('',#2508);
#722=VERTEX_POINT('',#2510);
#723=VERTEX_POINT('',#2514);
#724=VERTEX_POINT('',#2518);
#725=VERTEX_POINT('',#2522);
#726=VERTEX_POINT('',#2524);
#727=VERTEX_POINT('',#2529);
#728=VERTEX_POINT('',#2533);
#729=VERTEX_POINT('',#2535);
#730=VERTEX_POINT('',#2539);
#731=VERTEX_POINT('',#2541);
#732=VERTEX_POINT('',#2543);
#733=VERTEX_POINT('',#2545);
#734=VERTEX_POINT('',#2547);
#735=VERTEX_POINT('',#2549);
#736=VERTEX_POINT('',#2552);
#737=VERTEX_POINT('',#2554);
#738=VERTEX_POINT('',#2556);
#739=VERTEX_POINT('',#2558);
#740=VERTEX_POINT('',#2560);
#741=VERTEX_POINT('',#2563);
#742=VERTEX_POINT('',#2567);
#743=VERTEX_POINT('',#2571);
#744=VERTEX_POINT('',#2575);
#745=VERTEX_POINT('',#2579);
#746=VERTEX_POINT('',#2583);
#747=VERTEX_POINT('',#2587);
#748=VERTEX_POINT('',#2591);
#749=VERTEX_POINT('',#2595);
#750=VERTEX_POINT('',#2599);
#751=VERTEX_POINT('',#2603);
#752=VERTEX_POINT('',#2607);
#753=VERTEX_POINT('',#2611);
#754=VERTEX_POINT('',#2612);
#755=VERTEX_POINT('',#2614);
#756=VERTEX_POINT('',#2616);
#757=VERTEX_POINT('',#2618);
#758=VERTEX_POINT('',#2620);
#759=VERTEX_POINT('',#2622);
#760=VERTEX_POINT('',#2624);
#761=VERTEX_POINT('',#2627);
#762=VERTEX_POINT('',#2629);
#763=VERTEX_POINT('',#2631);
#764=VERTEX_POINT('',#2633);
#765=VERTEX_POINT('',#2635);
#766=VERTEX_POINT('',#2648);
#767=VERTEX_POINT('',#2652);
#768=VERTEX_POINT('',#2656);
#769=VERTEX_POINT('',#2660);
#770=VERTEX_POINT('',#2664);
#771=VERTEX_POINT('',#2668);
#772=VERTEX_POINT('',#2674);
#773=VERTEX_POINT('',#2676);
#774=VERTEX_POINT('',#2680);
#775=VERTEX_POINT('',#2684);
#776=VERTEX_POINT('',#2688);
#777=VERTEX_POINT('',#2692);
#778=VERTEX_POINT('',#2696);
#779=VERTEX_POINT('',#2700);
#780=VERTEX_POINT('',#2720);
#781=VERTEX_POINT('',#2721);
#782=VERTEX_POINT('',#2723);
#783=VERTEX_POINT('',#2725);
#784=VERTEX_POINT('',#2729);
#785=VERTEX_POINT('',#2731);
#786=VERTEX_POINT('',#2735);
#787=VERTEX_POINT('',#2736);
#788=VERTEX_POINT('',#2738);
#789=VERTEX_POINT('',#2740);
#790=VERTEX_POINT('',#2744);
#791=VERTEX_POINT('',#2746);
#792=VERTEX_POINT('',#2750);
#793=VERTEX_POINT('',#2752);
#794=VERTEX_POINT('',#2756);
#795=VERTEX_POINT('',#2758);
#796=VERTEX_POINT('',#2762);
#797=VERTEX_POINT('',#2763);
#798=VERTEX_POINT('',#2765);
#799=VERTEX_POINT('',#2767);
#800=VERTEX_POINT('',#2771);
#801=VERTEX_POINT('',#2773);
#802=VERTEX_POINT('',#2777);
#803=VERTEX_POINT('',#2779);
#804=VERTEX_POINT('',#2783);
#805=VERTEX_POINT('',#2785);
#806=VERTEX_POINT('',#2789);
#807=VERTEX_POINT('',#2791);
#808=VERTEX_POINT('',#2795);
#809=VERTEX_POINT('',#2797);
#810=VERTEX_POINT('',#2799);
#811=VERTEX_POINT('',#2801);
#812=VERTEX_POINT('',#2805);
#813=VERTEX_POINT('',#2807);
#814=VERTEX_POINT('',#2809);
#815=VERTEX_POINT('',#2811);
#816=VERTEX_POINT('',#2815);
#817=VERTEX_POINT('',#2817);
#818=VERTEX_POINT('',#2819);
#819=VERTEX_POINT('',#2821);
#820=VERTEX_POINT('',#2823);
#821=VERTEX_POINT('',#2825);
#822=VERTEX_POINT('',#2828);
#823=VERTEX_POINT('',#2831);
#824=VERTEX_POINT('',#2834);
#825=VERTEX_POINT('',#2836);
#826=VERTEX_POINT('',#2839);
#827=VERTEX_POINT('',#2841);
#828=VERTEX_POINT('',#2845);
#829=VERTEX_POINT('',#2847);
#830=VERTEX_POINT('',#2851);
#831=VERTEX_POINT('',#2853);
#832=VERTEX_POINT('',#2857);
#833=VERTEX_POINT('',#2859);
#834=VERTEX_POINT('',#2861);
#835=VERTEX_POINT('',#2864);
#836=VERTEX_POINT('',#2867);
#837=VERTEX_POINT('',#2868);
#838=VERTEX_POINT('',#2870);
#839=VERTEX_POINT('',#2872);
#840=VERTEX_POINT('',#2876);
#841=VERTEX_POINT('',#2878);
#842=VERTEX_POINT('',#2885);
#843=VERTEX_POINT('',#2886);
#844=VERTEX_POINT('',#2888);
#845=VERTEX_POINT('',#2892);
#846=VERTEX_POINT('',#2897);
#847=VERTEX_POINT('',#2903);
#848=EDGE_CURVE('',#690,#691,#600,.T.);
#849=EDGE_CURVE('',#691,#692,#296,.T.);
#850=EDGE_CURVE('',#692,#693,#601,.T.);
#851=EDGE_CURVE('',#693,#690,#297,.T.);
#852=EDGE_CURVE('',#694,#695,#89,.F.);
#853=EDGE_CURVE('',#695,#693,#602,.T.);
#854=EDGE_CURVE('',#692,#694,#603,.T.);
#855=EDGE_CURVE('',#692,#696,#298,.T.);
#856=EDGE_CURVE('',#696,#697,#604,.T.);
#857=EDGE_CURVE('',#697,#694,#299,.T.);
#858=EDGE_CURVE('',#698,#691,#300,.T.);
#859=EDGE_CURVE('',#696,#698,#301,.T.);
#860=EDGE_CURVE('',#699,#700,#605,.T.);
#861=EDGE_CURVE('',#700,#701,#302,.T.);
#862=EDGE_CURVE('',#701,#702,#606,.T.);
#863=EDGE_CURVE('',#702,#699,#303,.T.);
#864=EDGE_CURVE('',#703,#704,#90,.F.);
#865=EDGE_CURVE('',#704,#702,#607,.T.);
#866=EDGE_CURVE('',#701,#703,#608,.T.);
#867=EDGE_CURVE('',#695,#705,#304,.T.);
#868=EDGE_CURVE('',#705,#706,#609,.T.);
#869=EDGE_CURVE('',#706,#707,#305,.T.);
#870=EDGE_CURVE('',#707,#708,#610,.T.);
#871=EDGE_CURVE('',#708,#709,#306,.T.);
#872=EDGE_CURVE('',#709,#710,#611,.T.);
#873=EDGE_CURVE('',#710,#711,#307,.T.);
#874=EDGE_CURVE('',#711,#712,#612,.T.);
#875=EDGE_CURVE('',#712,#703,#308,.T.);
#876=EDGE_CURVE('',#700,#713,#309,.T.);
#877=EDGE_CURVE('',#713,#714,#613,.T.);
#878=EDGE_CURVE('',#714,#715,#310,.T.);
#879=EDGE_CURVE('',#715,#716,#614,.T.);
#880=EDGE_CURVE('',#716,#717,#311,.T.);
#881=EDGE_CURVE('',#717,#718,#615,.T.);
#882=EDGE_CURVE('',#718,#719,#312,.T.);
#883=EDGE_CURVE('',#719,#720,#616,.T.);
#884=EDGE_CURVE('',#720,#690,#313,.T.);
#885=EDGE_CURVE('',#699,#721,#314,.T.);
#886=EDGE_CURVE('',#721,#722,#315,.T.);
#887=EDGE_CURVE('',#722,#713,#316,.T.);
#888=EDGE_CURVE('',#723,#702,#317,.T.);
#889=EDGE_CURVE('',#721,#723,#318,.T.);
#890=EDGE_CURVE('',#704,#724,#319,.T.);
#891=EDGE_CURVE('',#724,#723,#617,.T.);
#892=EDGE_CURVE('',#712,#725,#320,.T.);
#893=EDGE_CURVE('',#726,#725,#321,.T.);
#894=EDGE_CURVE('',#705,#726,#322,.T.);
#895=EDGE_CURVE('',#724,#697,#323,.T.);
#896=EDGE_CURVE('',#727,#720,#324,.T.);
#897=EDGE_CURVE('',#727,#698,#325,.T.);
#898=EDGE_CURVE('',#728,#728,#618,.T.);
#899=EDGE_CURVE('',#728,#729,#326,.T.);
#900=EDGE_CURVE('',#729,#729,#619,.T.);
#901=EDGE_CURVE('',#730,#727,#620,.T.);
#902=EDGE_CURVE('',#731,#730,#327,.T.);
#903=EDGE_CURVE('',#732,#731,#621,.T.);
#904=EDGE_CURVE('',#733,#732,#328,.T.);
#905=EDGE_CURVE('',#734,#733,#622,.T.);
#906=EDGE_CURVE('',#735,#734,#329,.T.);
#907=EDGE_CURVE('',#722,#735,#623,.T.);
#908=EDGE_CURVE('',#736,#736,#624,.T.);
#909=EDGE_CURVE('',#737,#737,#625,.T.);
#910=EDGE_CURVE('',#738,#738,#626,.T.);
#911=EDGE_CURVE('',#739,#739,#627,.T.);
#912=EDGE_CURVE('',#740,#740,#628,.T.);
#913=EDGE_CURVE('',#741,#741,#629,.T.);
#914=EDGE_CURVE('',#741,#728,#330,.T.);
#915=EDGE_CURVE('',#742,#742,#630,.T.);
#916=EDGE_CURVE('',#742,#736,#331,.T.);
#917=EDGE_CURVE('',#743,#743,#631,.T.);
#918=EDGE_CURVE('',#743,#742,#332,.T.);
#919=EDGE_CURVE('',#744,#744,#632,.T.);
#920=EDGE_CURVE('',#744,#740,#333,.T.);
#921=EDGE_CURVE('',#745,#745,#633,.T.);
#922=EDGE_CURVE('',#745,#744,#334,.T.);
#923=EDGE_CURVE('',#746,#746,#634,.T.);
#924=EDGE_CURVE('',#746,#737,#335,.T.);
#925=EDGE_CURVE('',#747,#747,#635,.T.);
#926=EDGE_CURVE('',#747,#746,#336,.T.);
#927=EDGE_CURVE('',#748,#748,#636,.T.);
#928=EDGE_CURVE('',#748,#739,#337,.T.);
#929=EDGE_CURVE('',#749,#749,#637,.T.);
#930=EDGE_CURVE('',#749,#748,#338,.T.);
#931=EDGE_CURVE('',#750,#750,#638,.T.);
#932=EDGE_CURVE('',#750,#738,#339,.T.);
#933=EDGE_CURVE('',#751,#751,#639,.T.);
#934=EDGE_CURVE('',#751,#750,#340,.T.);
#935=EDGE_CURVE('',#752,#752,#640,.T.);
#936=EDGE_CURVE('',#752,#741,#341,.T.);
#937=EDGE_CURVE('',#753,#754,#641,.T.);
#938=EDGE_CURVE('',#754,#755,#342,.T.);
#939=EDGE_CURVE('',#755,#756,#642,.T.);
#940=EDGE_CURVE('',#756,#757,#343,.T.);
#941=EDGE_CURVE('',#757,#758,#643,.T.);
#942=EDGE_CURVE('',#758,#759,#344,.T.);
#943=EDGE_CURVE('',#759,#760,#644,.T.);
#944=EDGE_CURVE('',#760,#753,#345,.T.);
#945=EDGE_CURVE('',#761,#761,#645,.T.);
#946=EDGE_CURVE('',#762,#762,#646,.T.);
#947=EDGE_CURVE('',#763,#763,#647,.T.);
#948=EDGE_CURVE('',#764,#764,#648,.T.);
#949=EDGE_CURVE('',#765,#765,#649,.T.);
#950=EDGE_CURVE('',#761,#743,#346,.T.);
#951=EDGE_CURVE('',#765,#745,#347,.T.);
#952=EDGE_CURVE('',#762,#747,#348,.T.);
#953=EDGE_CURVE('',#764,#749,#349,.T.);
#954=EDGE_CURVE('',#763,#751,#350,.T.);
#955=EDGE_CURVE('',#711,#766,#351,.T.);
#956=EDGE_CURVE('',#725,#766,#650,.T.);
#957=EDGE_CURVE('',#710,#767,#352,.T.);
#958=EDGE_CURVE('',#766,#767,#353,.T.);
#959=EDGE_CURVE('',#709,#768,#354,.T.);
#960=EDGE_CURVE('',#767,#768,#651,.T.);
#961=EDGE_CURVE('',#769,#726,#652,.T.);
#962=EDGE_CURVE('',#706,#769,#355,.T.);
#963=EDGE_CURVE('',#770,#769,#356,.T.);
#964=EDGE_CURVE('',#707,#770,#357,.T.);
#965=EDGE_CURVE('',#771,#770,#653,.T.);
#966=EDGE_CURVE('',#708,#771,#358,.T.);
#967=EDGE_CURVE('',#768,#771,#359,.T.);
#968=EDGE_CURVE('',#754,#772,#360,.T.);
#969=EDGE_CURVE('',#773,#772,#361,.T.);
#970=EDGE_CURVE('',#755,#773,#362,.T.);
#971=EDGE_CURVE('',#774,#773,#654,.T.);
#972=EDGE_CURVE('',#756,#774,#363,.T.);
#973=EDGE_CURVE('',#775,#774,#364,.T.);
#974=EDGE_CURVE('',#757,#775,#365,.T.);
#975=EDGE_CURVE('',#776,#775,#655,.T.);
#976=EDGE_CURVE('',#758,#776,#366,.T.);
#977=EDGE_CURVE('',#777,#776,#367,.T.);
#978=EDGE_CURVE('',#759,#777,#368,.T.);
#979=EDGE_CURVE('',#778,#777,#656,.T.);
#980=EDGE_CURVE('',#760,#778,#369,.T.);
#981=EDGE_CURVE('',#779,#778,#370,.T.);
#982=EDGE_CURVE('',#753,#779,#371,.T.);
#983=EDGE_CURVE('',#772,#779,#657,.T.);
#984=EDGE_CURVE('',#734,#715,#372,.T.);
#985=EDGE_CURVE('',#735,#714,#373,.T.);
#986=EDGE_CURVE('',#730,#719,#374,.T.);
#987=EDGE_CURVE('',#731,#718,#375,.T.);
#988=EDGE_CURVE('',#732,#717,#376,.T.);
#989=EDGE_CURVE('',#733,#716,#377,.T.);
#990=EDGE_CURVE('',#780,#781,#658,.T.);
#991=EDGE_CURVE('',#781,#782,#378,.T.);
#992=EDGE_CURVE('',#782,#783,#659,.T.);
#993=EDGE_CURVE('',#783,#780,#379,.T.);
#994=EDGE_CURVE('',#781,#784,#380,.T.);
#995=EDGE_CURVE('',#785,#784,#381,.T.);
#996=EDGE_CURVE('',#782,#785,#382,.T.);
#997=EDGE_CURVE('',#786,#787,#660,.T.);
#998=EDGE_CURVE('',#787,#788,#383,.T.);
#999=EDGE_CURVE('',#788,#789,#661,.T.);
#1000=EDGE_CURVE('',#789,#786,#384,.T.);
#1001=EDGE_CURVE('',#787,#790,#385,.T.);
#1002=EDGE_CURVE('',#791,#790,#386,.T.);
#1003=EDGE_CURVE('',#788,#791,#387,.T.);
#1004=EDGE_CURVE('',#792,#784,#388,.T.);
#1005=EDGE_CURVE('',#792,#793,#389,.T.);
#1006=EDGE_CURVE('',#785,#793,#390,.T.);
#1007=EDGE_CURVE('',#794,#789,#391,.T.);
#1008=EDGE_CURVE('',#794,#795,#392,.T.);
#1009=EDGE_CURVE('',#786,#795,#393,.T.);
#1010=EDGE_CURVE('',#796,#797,#662,.T.);
#1011=EDGE_CURVE('',#797,#798,#394,.T.);
#1012=EDGE_CURVE('',#798,#799,#663,.T.);
#1013=EDGE_CURVE('',#799,#796,#395,.T.);
#1014=EDGE_CURVE('',#800,#797,#396,.T.);
#1015=EDGE_CURVE('',#801,#800,#397,.T.);
#1016=EDGE_CURVE('',#798,#801,#398,.T.);
#1017=EDGE_CURVE('',#800,#802,#664,.T.);
#1018=EDGE_CURVE('',#802,#803,#399,.T.);
#1019=EDGE_CURVE('',#803,#801,#665,.T.);
#1020=EDGE_CURVE('',#804,#802,#400,.T.);
#1021=EDGE_CURVE('',#805,#804,#401,.T.);
#1022=EDGE_CURVE('',#803,#805,#402,.T.);
#1023=EDGE_CURVE('',#806,#799,#403,.T.);
#1024=EDGE_CURVE('',#807,#806,#404,.T.);
#1025=EDGE_CURVE('',#796,#807,#405,.T.);
#1026=EDGE_CURVE('',#804,#808,#406,.T.);
#1027=EDGE_CURVE('',#808,#809,#407,.T.);
#1028=EDGE_CURVE('',#810,#809,#408,.T.);
#1029=EDGE_CURVE('',#811,#810,#409,.T.);
#1030=EDGE_CURVE('',#805,#811,#410,.T.);
#1031=EDGE_CURVE('',#812,#806,#411,.T.);
#1032=EDGE_CURVE('',#812,#813,#412,.T.);
#1033=EDGE_CURVE('',#814,#813,#413,.T.);
#1034=EDGE_CURVE('',#815,#814,#414,.T.);
#1035=EDGE_CURVE('',#815,#807,#415,.T.);
#1036=EDGE_CURVE('',#811,#816,#666,.T.);
#1037=EDGE_CURVE('',#816,#817,#416,.T.);
#1038=EDGE_CURVE('',#817,#818,#667,.T.);
#1039=EDGE_CURVE('',#818,#819,#417,.T.);
#1040=EDGE_CURVE('',#819,#820,#668,.T.);
#1041=EDGE_CURVE('',#820,#821,#418,.T.);
#1042=EDGE_CURVE('',#821,#812,#669,.T.);
#1043=EDGE_CURVE('',#793,#822,#670,.T.);
#1044=EDGE_CURVE('',#822,#783,#419,.T.);
#1045=EDGE_CURVE('',#795,#823,#671,.T.);
#1046=EDGE_CURVE('',#823,#790,#420,.T.);
#1047=EDGE_CURVE('',#824,#824,#672,.T.);
#1048=EDGE_CURVE('',#825,#825,#673,.T.);
#1049=EDGE_CURVE('',#815,#826,#674,.T.);
#1050=EDGE_CURVE('',#827,#814,#675,.T.);
#1051=EDGE_CURVE('',#826,#827,#421,.T.);
#1052=EDGE_CURVE('',#826,#828,#422,.T.);
#1053=EDGE_CURVE('',#829,#827,#423,.T.);
#1054=EDGE_CURVE('',#828,#829,#424,.T.);
#1055=EDGE_CURVE('',#828,#830,#676,.T.);
#1056=EDGE_CURVE('',#831,#829,#677,.T.);
#1057=EDGE_CURVE('',#830,#831,#425,.T.);
#1058=EDGE_CURVE('',#813,#832,#678,.T.);
#1059=EDGE_CURVE('',#832,#833,#426,.T.);
#1060=EDGE_CURVE('',#833,#834,#679,.T.);
#1061=EDGE_CURVE('',#834,#831,#427,.T.);
#1062=EDGE_CURVE('',#835,#835,#680,.T.);
#1063=EDGE_CURVE('',#836,#837,#681,.T.);
#1064=EDGE_CURVE('',#836,#838,#428,.T.);
#1065=EDGE_CURVE('',#839,#838,#682,.T.);
#1066=EDGE_CURVE('',#837,#839,#429,.T.);
#1067=EDGE_CURVE('',#837,#840,#430,.T.);
#1068=EDGE_CURVE('',#841,#839,#431,.T.);
#1069=EDGE_CURVE('',#840,#841,#432,.T.);
#1070=EDGE_CURVE('',#840,#808,#683,.T.);
#1071=EDGE_CURVE('',#809,#841,#684,.T.);
#1072=EDGE_CURVE('',#842,#843,#685,.T.);
#1073=EDGE_CURVE('',#843,#844,#433,.T.);
#1074=EDGE_CURVE('',#844,#810,#686,.T.);
#1075=EDGE_CURVE('',#838,#842,#434,.T.);
#1076=EDGE_CURVE('',#845,#845,#687,.T.);
#1077=EDGE_CURVE('',#824,#845,#435,.T.);
#1078=EDGE_CURVE('',#846,#823,#436,.T.);
#1079=EDGE_CURVE('',#791,#846,#437,.T.);
#1080=EDGE_CURVE('',#846,#794,#688,.T.);
#1081=EDGE_CURVE('',#847,#822,#438,.T.);
#1082=EDGE_CURVE('',#780,#847,#439,.T.);
#1083=EDGE_CURVE('',#847,#792,#689,.T.);
#1084=EDGE_CURVE('',#825,#835,#440,.T.);
#1085=EDGE_CURVE('',#817,#843,#441,.T.);
#1086=EDGE_CURVE('',#816,#844,#442,.T.);
#1087=EDGE_CURVE('',#821,#832,#443,.T.);
#1088=EDGE_CURVE('',#820,#833,#444,.T.);
#1089=EDGE_CURVE('',#819,#834,#445,.T.);
#1090=EDGE_CURVE('',#836,#830,#446,.T.);
#1091=EDGE_CURVE('',#842,#818,#447,.T.);
#1092=ORIENTED_EDGE('',*,*,#848,.T.);
#1093=ORIENTED_EDGE('',*,*,#849,.T.);
#1094=ORIENTED_EDGE('',*,*,#850,.T.);
#1095=ORIENTED_EDGE('',*,*,#851,.T.);
#1096=ORIENTED_EDGE('',*,*,#852,.T.);
#1097=ORIENTED_EDGE('',*,*,#853,.T.);
#1098=ORIENTED_EDGE('',*,*,#850,.F.);
#1099=ORIENTED_EDGE('',*,*,#854,.T.);
#1100=ORIENTED_EDGE('',*,*,#854,.F.);
#1101=ORIENTED_EDGE('',*,*,#855,.T.);
#1102=ORIENTED_EDGE('',*,*,#856,.T.);
#1103=ORIENTED_EDGE('',*,*,#857,.T.);
#1104=ORIENTED_EDGE('',*,*,#849,.F.);
#1105=ORIENTED_EDGE('',*,*,#858,.F.);
#1106=ORIENTED_EDGE('',*,*,#859,.F.);
#1107=ORIENTED_EDGE('',*,*,#855,.F.);
#1108=ORIENTED_EDGE('',*,*,#860,.T.);
#1109=ORIENTED_EDGE('',*,*,#861,.T.);
#1110=ORIENTED_EDGE('',*,*,#862,.T.);
#1111=ORIENTED_EDGE('',*,*,#863,.T.);
#1112=ORIENTED_EDGE('',*,*,#864,.T.);
#1113=ORIENTED_EDGE('',*,*,#865,.T.);
#1114=ORIENTED_EDGE('',*,*,#862,.F.);
#1115=ORIENTED_EDGE('',*,*,#866,.T.);
#1116=ORIENTED_EDGE('',*,*,#853,.F.);
#1117=ORIENTED_EDGE('',*,*,#867,.T.);
#1118=ORIENTED_EDGE('',*,*,#868,.T.);
#1119=ORIENTED_EDGE('',*,*,#869,.T.);
#1120=ORIENTED_EDGE('',*,*,#870,.T.);
#1121=ORIENTED_EDGE('',*,*,#871,.T.);
#1122=ORIENTED_EDGE('',*,*,#872,.T.);
#1123=ORIENTED_EDGE('',*,*,#873,.T.);
#1124=ORIENTED_EDGE('',*,*,#874,.T.);
#1125=ORIENTED_EDGE('',*,*,#875,.T.);
#1126=ORIENTED_EDGE('',*,*,#866,.F.);
#1127=ORIENTED_EDGE('',*,*,#861,.F.);
#1128=ORIENTED_EDGE('',*,*,#876,.T.);
#1129=ORIENTED_EDGE('',*,*,#877,.T.);
#1130=ORIENTED_EDGE('',*,*,#878,.T.);
#1131=ORIENTED_EDGE('',*,*,#879,.T.);
#1132=ORIENTED_EDGE('',*,*,#880,.T.);
#1133=ORIENTED_EDGE('',*,*,#881,.T.);
#1134=ORIENTED_EDGE('',*,*,#882,.T.);
#1135=ORIENTED_EDGE('',*,*,#883,.T.);
#1136=ORIENTED_EDGE('',*,*,#884,.T.);
#1137=ORIENTED_EDGE('',*,*,#851,.F.);
#1138=ORIENTED_EDGE('',*,*,#860,.F.);
#1139=ORIENTED_EDGE('',*,*,#885,.T.);
#1140=ORIENTED_EDGE('',*,*,#886,.T.);
#1141=ORIENTED_EDGE('',*,*,#887,.T.);
#1142=ORIENTED_EDGE('',*,*,#876,.F.);
#1143=ORIENTED_EDGE('',*,*,#863,.F.);
#1144=ORIENTED_EDGE('',*,*,#888,.F.);
#1145=ORIENTED_EDGE('',*,*,#889,.F.);
#1146=ORIENTED_EDGE('',*,*,#885,.F.);
#1147=ORIENTED_EDGE('',*,*,#865,.F.);
#1148=ORIENTED_EDGE('',*,*,#890,.T.);
#1149=ORIENTED_EDGE('',*,*,#891,.T.);
#1150=ORIENTED_EDGE('',*,*,#888,.T.);
#1151=ORIENTED_EDGE('',*,*,#875,.F.);
#1152=ORIENTED_EDGE('',*,*,#892,.T.);
#1153=ORIENTED_EDGE('',*,*,#893,.F.);
#1154=ORIENTED_EDGE('',*,*,#894,.F.);
#1155=ORIENTED_EDGE('',*,*,#867,.F.);
#1156=ORIENTED_EDGE('',*,*,#852,.F.);
#1157=ORIENTED_EDGE('',*,*,#857,.F.);
#1158=ORIENTED_EDGE('',*,*,#895,.F.);
#1159=ORIENTED_EDGE('',*,*,#890,.F.);
#1160=ORIENTED_EDGE('',*,*,#864,.F.);
#1161=ORIENTED_EDGE('',*,*,#848,.F.);
#1162=ORIENTED_EDGE('',*,*,#884,.F.);
#1163=ORIENTED_EDGE('',*,*,#896,.F.);
#1164=ORIENTED_EDGE('',*,*,#897,.T.);
#1165=ORIENTED_EDGE('',*,*,#858,.T.);
#1166=ORIENTED_EDGE('',*,*,#898,.T.);
#1167=ORIENTED_EDGE('',*,*,#899,.T.);
#1168=ORIENTED_EDGE('',*,*,#900,.T.);
#1169=ORIENTED_EDGE('',*,*,#899,.F.);
#1170=ORIENTED_EDGE('',*,*,#859,.T.);
#1171=ORIENTED_EDGE('',*,*,#897,.F.);
#1172=ORIENTED_EDGE('',*,*,#901,.F.);
#1173=ORIENTED_EDGE('',*,*,#902,.F.);
#1174=ORIENTED_EDGE('',*,*,#903,.F.);
#1175=ORIENTED_EDGE('',*,*,#904,.F.);
#1176=ORIENTED_EDGE('',*,*,#905,.F.);
#1177=ORIENTED_EDGE('',*,*,#906,.F.);
#1178=ORIENTED_EDGE('',*,*,#907,.F.);
#1179=ORIENTED_EDGE('',*,*,#886,.F.);
#1180=ORIENTED_EDGE('',*,*,#889,.T.);
#1181=ORIENTED_EDGE('',*,*,#891,.F.);
#1182=ORIENTED_EDGE('',*,*,#895,.T.);
#1183=ORIENTED_EDGE('',*,*,#856,.F.);
#1184=ORIENTED_EDGE('',*,*,#908,.F.);
#1185=ORIENTED_EDGE('',*,*,#909,.F.);
#1186=ORIENTED_EDGE('',*,*,#910,.F.);
#1187=ORIENTED_EDGE('',*,*,#911,.F.);
#1188=ORIENTED_EDGE('',*,*,#912,.F.);
#1189=ORIENTED_EDGE('',*,*,#900,.F.);
#1190=ORIENTED_EDGE('',*,*,#913,.F.);
#1191=ORIENTED_EDGE('',*,*,#914,.T.);
#1192=ORIENTED_EDGE('',*,*,#898,.F.);
#1193=ORIENTED_EDGE('',*,*,#914,.F.);
#1194=ORIENTED_EDGE('',*,*,#915,.T.);
#1195=ORIENTED_EDGE('',*,*,#916,.T.);
#1196=ORIENTED_EDGE('',*,*,#908,.T.);
#1197=ORIENTED_EDGE('',*,*,#916,.F.);
#1198=ORIENTED_EDGE('',*,*,#917,.F.);
#1199=ORIENTED_EDGE('',*,*,#918,.T.);
#1200=ORIENTED_EDGE('',*,*,#915,.F.);
#1201=ORIENTED_EDGE('',*,*,#918,.F.);
#1202=ORIENTED_EDGE('',*,*,#919,.T.);
#1203=ORIENTED_EDGE('',*,*,#920,.T.);
#1204=ORIENTED_EDGE('',*,*,#912,.T.);
#1205=ORIENTED_EDGE('',*,*,#920,.F.);
#1206=ORIENTED_EDGE('',*,*,#921,.F.);
#1207=ORIENTED_EDGE('',*,*,#922,.T.);
#1208=ORIENTED_EDGE('',*,*,#919,.F.);
#1209=ORIENTED_EDGE('',*,*,#922,.F.);
#1210=ORIENTED_EDGE('',*,*,#923,.T.);
#1211=ORIENTED_EDGE('',*,*,#924,.T.);
#1212=ORIENTED_EDGE('',*,*,#909,.T.);
#1213=ORIENTED_EDGE('',*,*,#924,.F.);
#1214=ORIENTED_EDGE('',*,*,#925,.F.);
#1215=ORIENTED_EDGE('',*,*,#926,.T.);
#1216=ORIENTED_EDGE('',*,*,#923,.F.);
#1217=ORIENTED_EDGE('',*,*,#926,.F.);
#1218=ORIENTED_EDGE('',*,*,#927,.T.);
#1219=ORIENTED_EDGE('',*,*,#928,.T.);
#1220=ORIENTED_EDGE('',*,*,#911,.T.);
#1221=ORIENTED_EDGE('',*,*,#928,.F.);
#1222=ORIENTED_EDGE('',*,*,#929,.F.);
#1223=ORIENTED_EDGE('',*,*,#930,.T.);
#1224=ORIENTED_EDGE('',*,*,#927,.F.);
#1225=ORIENTED_EDGE('',*,*,#930,.F.);
#1226=ORIENTED_EDGE('',*,*,#931,.T.);
#1227=ORIENTED_EDGE('',*,*,#932,.T.);
#1228=ORIENTED_EDGE('',*,*,#910,.T.);
#1229=ORIENTED_EDGE('',*,*,#932,.F.);
#1230=ORIENTED_EDGE('',*,*,#933,.F.);
#1231=ORIENTED_EDGE('',*,*,#934,.T.);
#1232=ORIENTED_EDGE('',*,*,#931,.F.);
#1233=ORIENTED_EDGE('',*,*,#934,.F.);
#1234=ORIENTED_EDGE('',*,*,#935,.T.);
#1235=ORIENTED_EDGE('',*,*,#936,.T.);
#1236=ORIENTED_EDGE('',*,*,#913,.T.);
#1237=ORIENTED_EDGE('',*,*,#936,.F.);
#1238=ORIENTED_EDGE('',*,*,#937,.T.);
#1239=ORIENTED_EDGE('',*,*,#938,.T.);
#1240=ORIENTED_EDGE('',*,*,#939,.T.);
#1241=ORIENTED_EDGE('',*,*,#940,.T.);
#1242=ORIENTED_EDGE('',*,*,#941,.T.);
#1243=ORIENTED_EDGE('',*,*,#942,.T.);
#1244=ORIENTED_EDGE('',*,*,#943,.T.);
#1245=ORIENTED_EDGE('',*,*,#944,.T.);
#1246=ORIENTED_EDGE('',*,*,#945,.F.);
#1247=ORIENTED_EDGE('',*,*,#946,.F.);
#1248=ORIENTED_EDGE('',*,*,#947,.F.);
#1249=ORIENTED_EDGE('',*,*,#948,.F.);
#1250=ORIENTED_EDGE('',*,*,#949,.F.);
#1251=ORIENTED_EDGE('',*,*,#935,.F.);
#1252=ORIENTED_EDGE('',*,*,#945,.T.);
#1253=ORIENTED_EDGE('',*,*,#950,.T.);
#1254=ORIENTED_EDGE('',*,*,#917,.T.);
#1255=ORIENTED_EDGE('',*,*,#950,.F.);
#1256=ORIENTED_EDGE('',*,*,#949,.T.);
#1257=ORIENTED_EDGE('',*,*,#951,.T.);
#1258=ORIENTED_EDGE('',*,*,#921,.T.);
#1259=ORIENTED_EDGE('',*,*,#951,.F.);
#1260=ORIENTED_EDGE('',*,*,#946,.T.);
#1261=ORIENTED_EDGE('',*,*,#952,.T.);
#1262=ORIENTED_EDGE('',*,*,#925,.T.);
#1263=ORIENTED_EDGE('',*,*,#952,.F.);
#1264=ORIENTED_EDGE('',*,*,#948,.T.);
#1265=ORIENTED_EDGE('',*,*,#953,.T.);
#1266=ORIENTED_EDGE('',*,*,#929,.T.);
#1267=ORIENTED_EDGE('',*,*,#953,.F.);
#1268=ORIENTED_EDGE('',*,*,#947,.T.);
#1269=ORIENTED_EDGE('',*,*,#954,.T.);
#1270=ORIENTED_EDGE('',*,*,#933,.T.);
#1271=ORIENTED_EDGE('',*,*,#954,.F.);
#1272=ORIENTED_EDGE('',*,*,#874,.F.);
#1273=ORIENTED_EDGE('',*,*,#955,.T.);
#1274=ORIENTED_EDGE('',*,*,#956,.F.);
#1275=ORIENTED_EDGE('',*,*,#892,.F.);
#1276=ORIENTED_EDGE('',*,*,#873,.F.);
#1277=ORIENTED_EDGE('',*,*,#957,.T.);
#1278=ORIENTED_EDGE('',*,*,#958,.F.);
#1279=ORIENTED_EDGE('',*,*,#955,.F.);
#1280=ORIENTED_EDGE('',*,*,#872,.F.);
#1281=ORIENTED_EDGE('',*,*,#959,.T.);
#1282=ORIENTED_EDGE('',*,*,#960,.F.);
#1283=ORIENTED_EDGE('',*,*,#957,.F.);
#1284=ORIENTED_EDGE('',*,*,#868,.F.);
#1285=ORIENTED_EDGE('',*,*,#894,.T.);
#1286=ORIENTED_EDGE('',*,*,#961,.F.);
#1287=ORIENTED_EDGE('',*,*,#962,.F.);
#1288=ORIENTED_EDGE('',*,*,#869,.F.);
#1289=ORIENTED_EDGE('',*,*,#962,.T.);
#1290=ORIENTED_EDGE('',*,*,#963,.F.);
#1291=ORIENTED_EDGE('',*,*,#964,.F.);
#1292=ORIENTED_EDGE('',*,*,#870,.F.);
#1293=ORIENTED_EDGE('',*,*,#964,.T.);
#1294=ORIENTED_EDGE('',*,*,#965,.F.);
#1295=ORIENTED_EDGE('',*,*,#966,.F.);
#1296=ORIENTED_EDGE('',*,*,#871,.F.);
#1297=ORIENTED_EDGE('',*,*,#966,.T.);
#1298=ORIENTED_EDGE('',*,*,#967,.F.);
#1299=ORIENTED_EDGE('',*,*,#959,.F.);
#1300=ORIENTED_EDGE('',*,*,#938,.F.);
#1301=ORIENTED_EDGE('',*,*,#968,.T.);
#1302=ORIENTED_EDGE('',*,*,#969,.F.);
#1303=ORIENTED_EDGE('',*,*,#970,.F.);
#1304=ORIENTED_EDGE('',*,*,#939,.F.);
#1305=ORIENTED_EDGE('',*,*,#970,.T.);
#1306=ORIENTED_EDGE('',*,*,#971,.F.);
#1307=ORIENTED_EDGE('',*,*,#972,.F.);
#1308=ORIENTED_EDGE('',*,*,#940,.F.);
#1309=ORIENTED_EDGE('',*,*,#972,.T.);
#1310=ORIENTED_EDGE('',*,*,#973,.F.);
#1311=ORIENTED_EDGE('',*,*,#974,.F.);
#1312=ORIENTED_EDGE('',*,*,#941,.F.);
#1313=ORIENTED_EDGE('',*,*,#974,.T.);
#1314=ORIENTED_EDGE('',*,*,#975,.F.);
#1315=ORIENTED_EDGE('',*,*,#976,.F.);
#1316=ORIENTED_EDGE('',*,*,#942,.F.);
#1317=ORIENTED_EDGE('',*,*,#976,.T.);
#1318=ORIENTED_EDGE('',*,*,#977,.F.);
#1319=ORIENTED_EDGE('',*,*,#978,.F.);
#1320=ORIENTED_EDGE('',*,*,#943,.F.);
#1321=ORIENTED_EDGE('',*,*,#978,.T.);
#1322=ORIENTED_EDGE('',*,*,#979,.F.);
#1323=ORIENTED_EDGE('',*,*,#980,.F.);
#1324=ORIENTED_EDGE('',*,*,#944,.F.);
#1325=ORIENTED_EDGE('',*,*,#980,.T.);
#1326=ORIENTED_EDGE('',*,*,#981,.F.);
#1327=ORIENTED_EDGE('',*,*,#982,.F.);
#1328=ORIENTED_EDGE('',*,*,#937,.F.);
#1329=ORIENTED_EDGE('',*,*,#982,.T.);
#1330=ORIENTED_EDGE('',*,*,#983,.F.);
#1331=ORIENTED_EDGE('',*,*,#968,.F.);
#1332=ORIENTED_EDGE('',*,*,#983,.T.);
#1333=ORIENTED_EDGE('',*,*,#981,.T.);
#1334=ORIENTED_EDGE('',*,*,#979,.T.);
#1335=ORIENTED_EDGE('',*,*,#977,.T.);
#1336=ORIENTED_EDGE('',*,*,#975,.T.);
#1337=ORIENTED_EDGE('',*,*,#973,.T.);
#1338=ORIENTED_EDGE('',*,*,#971,.T.);
#1339=ORIENTED_EDGE('',*,*,#969,.T.);
#1340=ORIENTED_EDGE('',*,*,#960,.T.);
#1341=ORIENTED_EDGE('',*,*,#967,.T.);
#1342=ORIENTED_EDGE('',*,*,#965,.T.);
#1343=ORIENTED_EDGE('',*,*,#963,.T.);
#1344=ORIENTED_EDGE('',*,*,#961,.T.);
#1345=ORIENTED_EDGE('',*,*,#893,.T.);
#1346=ORIENTED_EDGE('',*,*,#956,.T.);
#1347=ORIENTED_EDGE('',*,*,#958,.T.);
#1348=ORIENTED_EDGE('',*,*,#906,.T.);
#1349=ORIENTED_EDGE('',*,*,#984,.T.);
#1350=ORIENTED_EDGE('',*,*,#878,.F.);
#1351=ORIENTED_EDGE('',*,*,#985,.F.);
#1352=ORIENTED_EDGE('',*,*,#907,.T.);
#1353=ORIENTED_EDGE('',*,*,#985,.T.);
#1354=ORIENTED_EDGE('',*,*,#877,.F.);
#1355=ORIENTED_EDGE('',*,*,#887,.F.);
#1356=ORIENTED_EDGE('',*,*,#901,.T.);
#1357=ORIENTED_EDGE('',*,*,#896,.T.);
#1358=ORIENTED_EDGE('',*,*,#883,.F.);
#1359=ORIENTED_EDGE('',*,*,#986,.F.);
#1360=ORIENTED_EDGE('',*,*,#902,.T.);
#1361=ORIENTED_EDGE('',*,*,#986,.T.);
#1362=ORIENTED_EDGE('',*,*,#882,.F.);
#1363=ORIENTED_EDGE('',*,*,#987,.F.);
#1364=ORIENTED_EDGE('',*,*,#903,.T.);
#1365=ORIENTED_EDGE('',*,*,#987,.T.);
#1366=ORIENTED_EDGE('',*,*,#881,.F.);
#1367=ORIENTED_EDGE('',*,*,#988,.F.);
#1368=ORIENTED_EDGE('',*,*,#904,.T.);
#1369=ORIENTED_EDGE('',*,*,#988,.T.);
#1370=ORIENTED_EDGE('',*,*,#880,.F.);
#1371=ORIENTED_EDGE('',*,*,#989,.F.);
#1372=ORIENTED_EDGE('',*,*,#905,.T.);
#1373=ORIENTED_EDGE('',*,*,#989,.T.);
#1374=ORIENTED_EDGE('',*,*,#879,.F.);
#1375=ORIENTED_EDGE('',*,*,#984,.F.);
#1376=ORIENTED_EDGE('',*,*,#990,.T.);
#1377=ORIENTED_EDGE('',*,*,#991,.T.);
#1378=ORIENTED_EDGE('',*,*,#992,.T.);
#1379=ORIENTED_EDGE('',*,*,#993,.T.);
#1380=ORIENTED_EDGE('',*,*,#991,.F.);
#1381=ORIENTED_EDGE('',*,*,#994,.T.);
#1382=ORIENTED_EDGE('',*,*,#995,.F.);
#1383=ORIENTED_EDGE('',*,*,#996,.F.);
#1384=ORIENTED_EDGE('',*,*,#997,.T.);
#1385=ORIENTED_EDGE('',*,*,#998,.T.);
#1386=ORIENTED_EDGE('',*,*,#999,.T.);
#1387=ORIENTED_EDGE('',*,*,#1000,.T.);
#1388=ORIENTED_EDGE('',*,*,#998,.F.);
#1389=ORIENTED_EDGE('',*,*,#1001,.T.);
#1390=ORIENTED_EDGE('',*,*,#1002,.F.);
#1391=ORIENTED_EDGE('',*,*,#1003,.F.);
#1392=ORIENTED_EDGE('',*,*,#995,.T.);
#1393=ORIENTED_EDGE('',*,*,#1004,.F.);
#1394=ORIENTED_EDGE('',*,*,#1005,.T.);
#1395=ORIENTED_EDGE('',*,*,#1006,.F.);
#1396=ORIENTED_EDGE('',*,*,#1000,.F.);
#1397=ORIENTED_EDGE('',*,*,#1007,.F.);
#1398=ORIENTED_EDGE('',*,*,#1008,.T.);
#1399=ORIENTED_EDGE('',*,*,#1009,.F.);
#1400=ORIENTED_EDGE('',*,*,#1010,.T.);
#1401=ORIENTED_EDGE('',*,*,#1011,.T.);
#1402=ORIENTED_EDGE('',*,*,#1012,.T.);
#1403=ORIENTED_EDGE('',*,*,#1013,.T.);
#1404=ORIENTED_EDGE('',*,*,#1011,.F.);
#1405=ORIENTED_EDGE('',*,*,#1014,.F.);
#1406=ORIENTED_EDGE('',*,*,#1015,.F.);
#1407=ORIENTED_EDGE('',*,*,#1016,.F.);
#1408=ORIENTED_EDGE('',*,*,#1017,.T.);
#1409=ORIENTED_EDGE('',*,*,#1018,.T.);
#1410=ORIENTED_EDGE('',*,*,#1019,.T.);
#1411=ORIENTED_EDGE('',*,*,#1015,.T.);
#1412=ORIENTED_EDGE('',*,*,#1018,.F.);
#1413=ORIENTED_EDGE('',*,*,#1020,.F.);
#1414=ORIENTED_EDGE('',*,*,#1021,.F.);
#1415=ORIENTED_EDGE('',*,*,#1022,.F.);
#1416=ORIENTED_EDGE('',*,*,#1013,.F.);
#1417=ORIENTED_EDGE('',*,*,#1023,.F.);
#1418=ORIENTED_EDGE('',*,*,#1024,.F.);
#1419=ORIENTED_EDGE('',*,*,#1025,.F.);
#1420=ORIENTED_EDGE('',*,*,#1021,.T.);
#1421=ORIENTED_EDGE('',*,*,#1026,.T.);
#1422=ORIENTED_EDGE('',*,*,#1027,.T.);
#1423=ORIENTED_EDGE('',*,*,#1028,.F.);
#1424=ORIENTED_EDGE('',*,*,#1029,.F.);
#1425=ORIENTED_EDGE('',*,*,#1030,.F.);
#1426=ORIENTED_EDGE('',*,*,#1024,.T.);
#1427=ORIENTED_EDGE('',*,*,#1031,.F.);
#1428=ORIENTED_EDGE('',*,*,#1032,.T.);
#1429=ORIENTED_EDGE('',*,*,#1033,.F.);
#1430=ORIENTED_EDGE('',*,*,#1034,.F.);
#1431=ORIENTED_EDGE('',*,*,#1035,.T.);
#1432=ORIENTED_EDGE('',*,*,#1019,.F.);
#1433=ORIENTED_EDGE('',*,*,#1022,.T.);
#1434=ORIENTED_EDGE('',*,*,#1030,.T.);
#1435=ORIENTED_EDGE('',*,*,#1036,.T.);
#1436=ORIENTED_EDGE('',*,*,#1037,.T.);
#1437=ORIENTED_EDGE('',*,*,#1038,.T.);
#1438=ORIENTED_EDGE('',*,*,#1039,.T.);
#1439=ORIENTED_EDGE('',*,*,#1040,.T.);
#1440=ORIENTED_EDGE('',*,*,#1041,.T.);
#1441=ORIENTED_EDGE('',*,*,#1042,.T.);
#1442=ORIENTED_EDGE('',*,*,#1031,.T.);
#1443=ORIENTED_EDGE('',*,*,#1023,.T.);
#1444=ORIENTED_EDGE('',*,*,#1012,.F.);
#1445=ORIENTED_EDGE('',*,*,#1016,.T.);
#1446=ORIENTED_EDGE('',*,*,#1006,.T.);
#1447=ORIENTED_EDGE('',*,*,#1043,.T.);
#1448=ORIENTED_EDGE('',*,*,#1044,.T.);
#1449=ORIENTED_EDGE('',*,*,#992,.F.);
#1450=ORIENTED_EDGE('',*,*,#996,.T.);
#1451=ORIENTED_EDGE('',*,*,#1009,.T.);
#1452=ORIENTED_EDGE('',*,*,#1045,.T.);
#1453=ORIENTED_EDGE('',*,*,#1046,.T.);
#1454=ORIENTED_EDGE('',*,*,#1001,.F.);
#1455=ORIENTED_EDGE('',*,*,#997,.F.);
#1456=ORIENTED_EDGE('',*,*,#1047,.T.);
#1457=ORIENTED_EDGE('',*,*,#1048,.T.);
#1458=ORIENTED_EDGE('',*,*,#1049,.F.);
#1459=ORIENTED_EDGE('',*,*,#1034,.T.);
#1460=ORIENTED_EDGE('',*,*,#1050,.F.);
#1461=ORIENTED_EDGE('',*,*,#1051,.F.);
#1462=ORIENTED_EDGE('',*,*,#1052,.F.);
#1463=ORIENTED_EDGE('',*,*,#1051,.T.);
#1464=ORIENTED_EDGE('',*,*,#1053,.F.);
#1465=ORIENTED_EDGE('',*,*,#1054,.F.);
#1466=ORIENTED_EDGE('',*,*,#1055,.F.);
#1467=ORIENTED_EDGE('',*,*,#1054,.T.);
#1468=ORIENTED_EDGE('',*,*,#1056,.F.);
#1469=ORIENTED_EDGE('',*,*,#1057,.F.);
#1470=ORIENTED_EDGE('',*,*,#1058,.T.);
#1471=ORIENTED_EDGE('',*,*,#1059,.T.);
#1472=ORIENTED_EDGE('',*,*,#1060,.T.);
#1473=ORIENTED_EDGE('',*,*,#1061,.T.);
#1474=ORIENTED_EDGE('',*,*,#1056,.T.);
#1475=ORIENTED_EDGE('',*,*,#1053,.T.);
#1476=ORIENTED_EDGE('',*,*,#1050,.T.);
#1477=ORIENTED_EDGE('',*,*,#1033,.T.);
#1478=ORIENTED_EDGE('',*,*,#1062,.T.);
#1479=ORIENTED_EDGE('',*,*,#1063,.F.);
#1480=ORIENTED_EDGE('',*,*,#1064,.T.);
#1481=ORIENTED_EDGE('',*,*,#1065,.F.);
#1482=ORIENTED_EDGE('',*,*,#1066,.F.);
#1483=ORIENTED_EDGE('',*,*,#1067,.F.);
#1484=ORIENTED_EDGE('',*,*,#1066,.T.);
#1485=ORIENTED_EDGE('',*,*,#1068,.F.);
#1486=ORIENTED_EDGE('',*,*,#1069,.F.);
#1487=ORIENTED_EDGE('',*,*,#1070,.F.);
#1488=ORIENTED_EDGE('',*,*,#1069,.T.);
#1489=ORIENTED_EDGE('',*,*,#1071,.F.);
#1490=ORIENTED_EDGE('',*,*,#1027,.F.);
#1491=ORIENTED_EDGE('',*,*,#1072,.T.);
#1492=ORIENTED_EDGE('',*,*,#1073,.T.);
#1493=ORIENTED_EDGE('',*,*,#1074,.T.);
#1494=ORIENTED_EDGE('',*,*,#1028,.T.);
#1495=ORIENTED_EDGE('',*,*,#1071,.T.);
#1496=ORIENTED_EDGE('',*,*,#1068,.T.);
#1497=ORIENTED_EDGE('',*,*,#1065,.T.);
#1498=ORIENTED_EDGE('',*,*,#1075,.T.);
#1499=ORIENTED_EDGE('',*,*,#1076,.T.);
#1500=ORIENTED_EDGE('',*,*,#1047,.F.);
#1501=ORIENTED_EDGE('',*,*,#1077,.T.);
#1502=ORIENTED_EDGE('',*,*,#1076,.F.);
#1503=ORIENTED_EDGE('',*,*,#1077,.F.);
#1504=ORIENTED_EDGE('',*,*,#1002,.T.);
#1505=ORIENTED_EDGE('',*,*,#1046,.F.);
#1506=ORIENTED_EDGE('',*,*,#1078,.F.);
#1507=ORIENTED_EDGE('',*,*,#1079,.F.);
#1508=ORIENTED_EDGE('',*,*,#1080,.F.);
#1509=ORIENTED_EDGE('',*,*,#1078,.T.);
#1510=ORIENTED_EDGE('',*,*,#1045,.F.);
#1511=ORIENTED_EDGE('',*,*,#1008,.F.);
#1512=ORIENTED_EDGE('',*,*,#993,.F.);
#1513=ORIENTED_EDGE('',*,*,#1044,.F.);
#1514=ORIENTED_EDGE('',*,*,#1081,.F.);
#1515=ORIENTED_EDGE('',*,*,#1082,.F.);
#1516=ORIENTED_EDGE('',*,*,#1083,.F.);
#1517=ORIENTED_EDGE('',*,*,#1081,.T.);
#1518=ORIENTED_EDGE('',*,*,#1043,.F.);
#1519=ORIENTED_EDGE('',*,*,#1005,.F.);
#1520=ORIENTED_EDGE('',*,*,#1048,.F.);
#1521=ORIENTED_EDGE('',*,*,#1084,.T.);
#1522=ORIENTED_EDGE('',*,*,#1062,.F.);
#1523=ORIENTED_EDGE('',*,*,#1084,.F.);
#1524=ORIENTED_EDGE('',*,*,#1085,.F.);
#1525=ORIENTED_EDGE('',*,*,#1037,.F.);
#1526=ORIENTED_EDGE('',*,*,#1086,.T.);
#1527=ORIENTED_EDGE('',*,*,#1073,.F.);
#1528=ORIENTED_EDGE('',*,*,#1086,.F.);
#1529=ORIENTED_EDGE('',*,*,#1036,.F.);
#1530=ORIENTED_EDGE('',*,*,#1029,.T.);
#1531=ORIENTED_EDGE('',*,*,#1074,.F.);
#1532=ORIENTED_EDGE('',*,*,#1032,.F.);
#1533=ORIENTED_EDGE('',*,*,#1042,.F.);
#1534=ORIENTED_EDGE('',*,*,#1087,.T.);
#1535=ORIENTED_EDGE('',*,*,#1058,.F.);
#1536=ORIENTED_EDGE('',*,*,#1087,.F.);
#1537=ORIENTED_EDGE('',*,*,#1041,.F.);
#1538=ORIENTED_EDGE('',*,*,#1088,.T.);
#1539=ORIENTED_EDGE('',*,*,#1059,.F.);
#1540=ORIENTED_EDGE('',*,*,#1088,.F.);
#1541=ORIENTED_EDGE('',*,*,#1040,.F.);
#1542=ORIENTED_EDGE('',*,*,#1089,.T.);
#1543=ORIENTED_EDGE('',*,*,#1060,.F.);
#1544=ORIENTED_EDGE('',*,*,#1090,.T.);
#1545=ORIENTED_EDGE('',*,*,#1057,.T.);
#1546=ORIENTED_EDGE('',*,*,#1061,.F.);
#1547=ORIENTED_EDGE('',*,*,#1089,.F.);
#1548=ORIENTED_EDGE('',*,*,#1039,.F.);
#1549=ORIENTED_EDGE('',*,*,#1091,.F.);
#1550=ORIENTED_EDGE('',*,*,#1075,.F.);
#1551=ORIENTED_EDGE('',*,*,#1064,.F.);
#1552=ORIENTED_EDGE('',*,*,#1091,.T.);
#1553=ORIENTED_EDGE('',*,*,#1038,.F.);
#1554=ORIENTED_EDGE('',*,*,#1085,.T.);
#1555=ORIENTED_EDGE('',*,*,#1072,.F.);
#1556=ORIENTED_EDGE('',*,*,#1010,.F.);
#1557=ORIENTED_EDGE('',*,*,#1025,.T.);
#1558=ORIENTED_EDGE('',*,*,#1035,.F.);
#1559=ORIENTED_EDGE('',*,*,#1049,.T.);
#1560=ORIENTED_EDGE('',*,*,#1052,.T.);
#1561=ORIENTED_EDGE('',*,*,#1055,.T.);
#1562=ORIENTED_EDGE('',*,*,#1090,.F.);
#1563=ORIENTED_EDGE('',*,*,#1063,.T.);
#1564=ORIENTED_EDGE('',*,*,#1067,.T.);
#1565=ORIENTED_EDGE('',*,*,#1070,.T.);
#1566=ORIENTED_EDGE('',*,*,#1026,.F.);
#1567=ORIENTED_EDGE('',*,*,#1020,.T.);
#1568=ORIENTED_EDGE('',*,*,#1017,.F.);
#1569=ORIENTED_EDGE('',*,*,#1014,.T.);
#1570=ORIENTED_EDGE('',*,*,#1079,.T.);
#1571=ORIENTED_EDGE('',*,*,#1080,.T.);
#1572=ORIENTED_EDGE('',*,*,#1007,.T.);
#1573=ORIENTED_EDGE('',*,*,#999,.F.);
#1574=ORIENTED_EDGE('',*,*,#1003,.T.);
#1575=ORIENTED_EDGE('',*,*,#1082,.T.);
#1576=ORIENTED_EDGE('',*,*,#1083,.T.);
#1577=ORIENTED_EDGE('',*,*,#1004,.T.);
#1578=ORIENTED_EDGE('',*,*,#994,.F.);
#1579=ORIENTED_EDGE('',*,*,#990,.F.);
#1580=CYLINDRICAL_SURFACE('',#1724,0.5);
#1581=CYLINDRICAL_SURFACE('',#1730,0.5);
#1582=CYLINDRICAL_SURFACE('',#1733,0.5);
#1583=CYLINDRICAL_SURFACE('',#1750,0.5);
#1584=CYLINDRICAL_SURFACE('',#1767,2.5);
#1585=CYLINDRICAL_SURFACE('',#1771,2.5);
#1586=CYLINDRICAL_SURFACE('',#1775,2.5);
#1587=CYLINDRICAL_SURFACE('',#1779,2.5);
#1588=CYLINDRICAL_SURFACE('',#1783,2.5);
#1589=CYLINDRICAL_SURFACE('',#1787,2.5);
#1590=CYLINDRICAL_SURFACE('',#1806,0.499999999999999);
#1591=CYLINDRICAL_SURFACE('',#1809,0.499999999999998);
#1592=CYLINDRICAL_SURFACE('',#1811,0.499999999999999);
#1593=CYLINDRICAL_SURFACE('',#1814,0.500000000000003);
#1594=CYLINDRICAL_SURFACE('',#1818,5.);
#1595=CYLINDRICAL_SURFACE('',#1821,5.);
#1596=CYLINDRICAL_SURFACE('',#1824,5.);
#1597=CYLINDRICAL_SURFACE('',#1827,5.00000000000001);
#1598=CYLINDRICAL_SURFACE('',#1831,5.);
#1599=CYLINDRICAL_SURFACE('',#1832,5.);
#1600=CYLINDRICAL_SURFACE('',#1834,5.);
#1601=CYLINDRICAL_SURFACE('',#1836,5.00000000000001);
#1602=CYLINDRICAL_SURFACE('',#1837,0.5);
#1603=CYLINDRICAL_SURFACE('',#1841,0.5);
#1604=CYLINDRICAL_SURFACE('',#1847,0.5);
#1605=CYLINDRICAL_SURFACE('',#1851,0.5);
#1606=CYLINDRICAL_SURFACE('',#1867,5.);
#1607=CYLINDRICAL_SURFACE('',#1871,5.00000000000001);
#1608=CYLINDRICAL_SURFACE('',#1878,5.);
#1609=CYLINDRICAL_SURFACE('',#1882,5.);
#1610=CYLINDRICAL_SURFACE('',#1889,2.5000000372529);
#1611=CYLINDRICAL_SURFACE('',#1891,3.);
#1612=CYLINDRICAL_SURFACE('',#1894,3.);
#1613=CYLINDRICAL_SURFACE('',#1896,2.5000000372529);
#1614=CYLINDRICAL_SURFACE('',#1898,5.);
#1615=CYLINDRICAL_SURFACE('',#1899,5.00000000000002);
#1616=CYLINDRICAL_SURFACE('',#1901,5.00000000000002);
#1617=CYLINDRICAL_SURFACE('',#1903,5.);
#1618=ADVANCED_FACE('',(#93),#1580,.T.);
#1619=ADVANCED_FACE('',(#94),#91,.T.);
#1620=ADVANCED_FACE('',(#95),#1581,.F.);
#1621=ADVANCED_FACE('',(#96),#50,.F.);
#1622=ADVANCED_FACE('',(#97),#1582,.T.);
#1623=ADVANCED_FACE('',(#98),#92,.T.);
#1624=ADVANCED_FACE('',(#99),#51,.T.);
#1625=ADVANCED_FACE('',(#100),#52,.T.);
#1626=ADVANCED_FACE('',(#101),#53,.F.);
#1627=ADVANCED_FACE('',(#102),#1583,.F.);
#1628=ADVANCED_FACE('',(#103),#54,.T.);
#1629=ADVANCED_FACE('',(#104),#55,.T.);
#1630=ADVANCED_FACE('',(#105),#38,.F.);
#1631=ADVANCED_FACE('',(#106,#17,#18,#19,#20,#21,#22),#56,.F.);
#1632=ADVANCED_FACE('',(#107),#1584,.F.);
#1633=ADVANCED_FACE('',(#108),#39,.F.);
#1634=ADVANCED_FACE('',(#109),#1585,.F.);
#1635=ADVANCED_FACE('',(#110),#40,.F.);
#1636=ADVANCED_FACE('',(#111),#1586,.F.);
#1637=ADVANCED_FACE('',(#112),#41,.F.);
#1638=ADVANCED_FACE('',(#113),#1587,.F.);
#1639=ADVANCED_FACE('',(#114),#42,.F.);
#1640=ADVANCED_FACE('',(#115),#1588,.F.);
#1641=ADVANCED_FACE('',(#116),#43,.F.);
#1642=ADVANCED_FACE('',(#117),#1589,.F.);
#1643=ADVANCED_FACE('',(#118),#44,.F.);
#1644=ADVANCED_FACE('',(#119,#23,#24,#25,#26,#27,#28),#57,.T.);
#1645=ADVANCED_FACE('',(#120),#45,.F.);
#1646=ADVANCED_FACE('',(#121),#46,.F.);
#1647=ADVANCED_FACE('',(#122),#47,.F.);
#1648=ADVANCED_FACE('',(#123),#48,.F.);
#1649=ADVANCED_FACE('',(#124),#49,.F.);
#1650=ADVANCED_FACE('',(#125),#1590,.T.);
#1651=ADVANCED_FACE('',(#126),#58,.T.);
#1652=ADVANCED_FACE('',(#127),#1591,.T.);
#1653=ADVANCED_FACE('',(#128),#1592,.T.);
#1654=ADVANCED_FACE('',(#129),#59,.T.);
#1655=ADVANCED_FACE('',(#130),#1593,.T.);
#1656=ADVANCED_FACE('',(#131),#60,.T.);
#1657=ADVANCED_FACE('',(#132),#61,.T.);
#1658=ADVANCED_FACE('',(#133),#1594,.T.);
#1659=ADVANCED_FACE('',(#134),#62,.T.);
#1660=ADVANCED_FACE('',(#135),#1595,.T.);
#1661=ADVANCED_FACE('',(#136),#63,.T.);
#1662=ADVANCED_FACE('',(#137),#1596,.T.);
#1663=ADVANCED_FACE('',(#138),#64,.T.);
#1664=ADVANCED_FACE('',(#139),#1597,.T.);
#1665=ADVANCED_FACE('',(#140,#29),#65,.F.);
#1666=ADVANCED_FACE('',(#141),#66,.T.);
#1667=ADVANCED_FACE('',(#142),#1598,.T.);
#1668=ADVANCED_FACE('',(#143),#1599,.T.);
#1669=ADVANCED_FACE('',(#144),#67,.T.);
#1670=ADVANCED_FACE('',(#145),#1600,.T.);
#1671=ADVANCED_FACE('',(#146),#68,.T.);
#1672=ADVANCED_FACE('',(#147),#1601,.T.);
#1673=ADVANCED_FACE('',(#148),#1602,.F.);
#1674=ADVANCED_FACE('',(#149),#69,.T.);
#1675=ADVANCED_FACE('',(#150),#1603,.F.);
#1676=ADVANCED_FACE('',(#151),#70,.T.);
#1677=ADVANCED_FACE('',(#152),#71,.T.);
#1678=ADVANCED_FACE('',(#153),#72,.T.);
#1679=ADVANCED_FACE('',(#154),#1604,.F.);
#1680=ADVANCED_FACE('',(#155),#73,.F.);
#1681=ADVANCED_FACE('',(#156),#1605,.F.);
#1682=ADVANCED_FACE('',(#157),#74,.F.);
#1683=ADVANCED_FACE('',(#158),#75,.F.);
#1684=ADVANCED_FACE('',(#159),#76,.T.);
#1685=ADVANCED_FACE('',(#160),#77,.T.);
#1686=ADVANCED_FACE('',(#161,#30,#31,#32,#33),#78,.F.);
#1687=ADVANCED_FACE('',(#162),#1606,.F.);
#1688=ADVANCED_FACE('',(#163),#79,.T.);
#1689=ADVANCED_FACE('',(#164),#1607,.F.);
#1690=ADVANCED_FACE('',(#165,#34),#80,.T.);
#1691=ADVANCED_FACE('',(#166),#1608,.F.);
#1692=ADVANCED_FACE('',(#167),#81,.T.);
#1693=ADVANCED_FACE('',(#168),#1609,.F.);
#1694=ADVANCED_FACE('',(#169,#35),#82,.T.);
#1695=ADVANCED_FACE('',(#170),#1610,.F.);
#1696=ADVANCED_FACE('',(#171),#83,.T.);
#1697=ADVANCED_FACE('',(#172),#1611,.F.);
#1698=ADVANCED_FACE('',(#173),#84,.T.);
#1699=ADVANCED_FACE('',(#174),#1612,.F.);
#1700=ADVANCED_FACE('',(#175),#1613,.F.);
#1701=ADVANCED_FACE('',(#176),#85,.T.);
#1702=ADVANCED_FACE('',(#177),#1614,.T.);
#1703=ADVANCED_FACE('',(#178),#1615,.T.);
#1704=ADVANCED_FACE('',(#179),#86,.T.);
#1705=ADVANCED_FACE('',(#180),#1616,.T.);
#1706=ADVANCED_FACE('',(#181),#87,.T.);
#1707=ADVANCED_FACE('',(#182),#1617,.T.);
#1708=ADVANCED_FACE('',(#183,#36,#37),#88,.T.);
#1709=CLOSED_SHELL('',(#1618,#1619,#1620,#1621,#1622,#1623,#1624,#1625,
#1626,#1627,#1628,#1629,#1630,#1631,#1632,#1633,#1634,#1635,#1636,#1637,
#1638,#1639,#1640,#1641,#1642,#1643,#1644,#1645,#1646,#1647,#1648,#1649,
#1650,#1651,#1652,#1653,#1654,#1655,#1656,#1657,#1658,#1659,#1660,#1661,
#1662,#1663,#1664,#1665,#1666,#1667,#1668,#1669,#1670,#1671,#1672));
#1710=CLOSED_SHELL('',(#1673,#1674,#1675,#1676,#1677,#1678,#1679,#1680,
#1681,#1682,#1683,#1684,#1685,#1686,#1687,#1688,#1689,#1690,#1691,#1692,
#1693,#1694,#1695,#1696,#1697,#1698,#1699,#1700,#1701,#1702,#1703,#1704,
#1705,#1706,#1707,#1708));
#1711=DERIVED_UNIT_ELEMENT(#1713,1.);
#1712=DERIVED_UNIT_ELEMENT(#2930,-3.);
#1713=(
MASS_UNIT()
NAMED_UNIT(*)
SI_UNIT(.KILO.,.GRAM.)
);
#1714=DERIVED_UNIT((#1711,#1712));
#1715=MEASURE_REPRESENTATION_ITEM('density measure',
POSITIVE_RATIO_MEASURE(7850.),#1714);
#1716=PROPERTY_DEFINITION_REPRESENTATION(#1721,#1718);
#1717=PROPERTY_DEFINITION_REPRESENTATION(#1722,#1719);
#1718=REPRESENTATION('material name',(#1720),#2927);
#1719=REPRESENTATION('density',(#1715),#2927);
#1720=DESCRIPTIVE_REPRESENTATION_ITEM('Steel','Steel');
#1721=PROPERTY_DEFINITION('material property','material name',#2937);
#1722=PROPERTY_DEFINITION('material property','density of part',#2937);
#1723=AXIS2_PLACEMENT_3D('',#2421,#1905,#1906);
#1724=AXIS2_PLACEMENT_3D('',#2422,#1907,#1908);
#1725=AXIS2_PLACEMENT_3D('',#2425,#1909,#1910);
#1726=AXIS2_PLACEMENT_3D('',#2429,#1912,#1913);
#1727=AXIS2_PLACEMENT_3D('',#2431,#1915,#1916);
#1728=AXIS2_PLACEMENT_3D('',#2440,#1917,#1918);
#1729=AXIS2_PLACEMENT_3D('',#2441,#1919,#1920);
#1730=AXIS2_PLACEMENT_3D('',#2442,#1921,#1922);
#1731=AXIS2_PLACEMENT_3D('',#2446,#1924,#1925);
#1732=AXIS2_PLACEMENT_3D('',#2448,#1927,#1928);
#1733=AXIS2_PLACEMENT_3D('',#2452,#1931,#1932);
#1734=AXIS2_PLACEMENT_3D('',#2455,#1933,#1934);
#1735=AXIS2_PLACEMENT_3D('',#2459,#1936,#1937);
#1736=AXIS2_PLACEMENT_3D('',#2461,#1939,#1940);
#1737=AXIS2_PLACEMENT_3D('',#2470,#1941,#1942);
#1738=AXIS2_PLACEMENT_3D('',#2471,#1943,#1944);
#1739=AXIS2_PLACEMENT_3D('',#2472,#1945,#1946);
#1740=AXIS2_PLACEMENT_3D('',#2476,#1948,#1949);
#1741=AXIS2_PLACEMENT_3D('',#2480,#1951,#1952);
#1742=AXIS2_PLACEMENT_3D('',#2484,#1954,#1955);
#1743=AXIS2_PLACEMENT_3D('',#2488,#1957,#1958);
#1744=AXIS2_PLACEMENT_3D('',#2493,#1961,#1962);
#1745=AXIS2_PLACEMENT_3D('',#2497,#1964,#1965);
#1746=AXIS2_PLACEMENT_3D('',#2501,#1967,#1968);
#1747=AXIS2_PLACEMENT_3D('',#2505,#1970,#1971);
#1748=AXIS2_PLACEMENT_3D('',#2507,#1973,#1974);
#1749=AXIS2_PLACEMENT_3D('',#2513,#1978,#1979);
#1750=AXIS2_PLACEMENT_3D('',#2517,#1982,#1983);
#1751=AXIS2_PLACEMENT_3D('',#2520,#1985,#1986);
#1752=AXIS2_PLACEMENT_3D('',#2521,#1987,#1988);
#1753=AXIS2_PLACEMENT_3D('',#2528,#1993,#1994);
#1754=AXIS2_PLACEMENT_3D('',#2532,#1997,#1998);
#1755=AXIS2_PLACEMENT_3D('',#2534,#1999,#2000);
#1756=AXIS2_PLACEMENT_3D('',#2537,#2002,#2003);
#1757=AXIS2_PLACEMENT_3D('',#2538,#2004,#2005);
#1758=AXIS2_PLACEMENT_3D('',#2540,#2006,#2007);
#1759=AXIS2_PLACEMENT_3D('',#2544,#2009,#2010);
#1760=AXIS2_PLACEMENT_3D('',#2548,#2012,#2013);
#1761=AXIS2_PLACEMENT_3D('',#2551,#2015,#2016);
#1762=AXIS2_PLACEMENT_3D('',#2553,#2017,#2018);
#1763=AXIS2_PLACEMENT_3D('',#2555,#2019,#2020);
#1764=AXIS2_PLACEMENT_3D('',#2557,#2021,#2022);
#1765=AXIS2_PLACEMENT_3D('',#2559,#2023,#2024);
#1766=AXIS2_PLACEMENT_3D('',#2561,#2025,#2026);
#1767=AXIS2_PLACEMENT_3D('',#2562,#2027,#2028);
#1768=AXIS2_PLACEMENT_3D('',#2564,#2029,#2030);
#1769=AXIS2_PLACEMENT_3D('',#2566,#2032,#2033);
#1770=AXIS2_PLACEMENT_3D('',#2568,#2034,#2035);
#1771=AXIS2_PLACEMENT_3D('',#2570,#2037,#2038);
#1772=AXIS2_PLACEMENT_3D('',#2572,#2039,#2040);
#1773=AXIS2_PLACEMENT_3D('',#2574,#2042,#2043);
#1774=AXIS2_PLACEMENT_3D('',#2576,#2044,#2045);
#1775=AXIS2_PLACEMENT_3D('',#2578,#2047,#2048);
#1776=AXIS2_PLACEMENT_3D('',#2580,#2049,#2050);
#1777=AXIS2_PLACEMENT_3D('',#2582,#2052,#2053);
#1778=AXIS2_PLACEMENT_3D('',#2584,#2054,#2055);
#1779=AXIS2_PLACEMENT_3D('',#2586,#2057,#2058);
#1780=AXIS2_PLACEMENT_3D('',#2588,#2059,#2060);
#1781=AXIS2_PLACEMENT_3D('',#2590,#2062,#2063);
#1782=AXIS2_PLACEMENT_3D('',#2592,#2064,#2065);
#1783=AXIS2_PLACEMENT_3D('',#2594,#2067,#2068);
#1784=AXIS2_PLACEMENT_3D('',#2596,#2069,#2070);
#1785=AXIS2_PLACEMENT_3D('',#2598,#2072,#2073);
#1786=AXIS2_PLACEMENT_3D('',#2600,#2074,#2075);
#1787=AXIS2_PLACEMENT_3D('',#2602,#2077,#2078);
#1788=AXIS2_PLACEMENT_3D('',#2604,#2079,#2080);
#1789=AXIS2_PLACEMENT_3D('',#2606,#2082,#2083);
#1790=AXIS2_PLACEMENT_3D('',#2608,#2084,#2085);
#1791=AXIS2_PLACEMENT_3D('',#2610,#2087,#2088);
#1792=AXIS2_PLACEMENT_3D('',#2613,#2089,#2090);
#1793=AXIS2_PLACEMENT_3D('',#2617,#2092,#2093);
#1794=AXIS2_PLACEMENT_3D('',#2621,#2095,#2096);
#1795=AXIS2_PLACEMENT_3D('',#2625,#2098,#2099);
#1796=AXIS2_PLACEMENT_3D('',#2628,#2101,#2102);
#1797=AXIS2_PLACEMENT_3D('',#2630,#2103,#2104);
#1798=AXIS2_PLACEMENT_3D('',#2632,#2105,#2106);
#1799=AXIS2_PLACEMENT_3D('',#2634,#2107,#2108);
#1800=AXIS2_PLACEMENT_3D('',#2636,#2109,#2110);
#1801=AXIS2_PLACEMENT_3D('',#2637,#2111,#2112);
#1802=AXIS2_PLACEMENT_3D('',#2639,#2114,#2115);
#1803=AXIS2_PLACEMENT_3D('',#2641,#2117,#2118);
#1804=AXIS2_PLACEMENT_3D('',#2643,#2120,#2121);
#1805=AXIS2_PLACEMENT_3D('',#2645,#2123,#2124);
#1806=AXIS2_PLACEMENT_3D('',#2647,#2126,#2127);
#1807=AXIS2_PLACEMENT_3D('',#2650,#2129,#2130);
#1808=AXIS2_PLACEMENT_3D('',#2651,#2131,#2132);
#1809=AXIS2_PLACEMENT_3D('',#2655,#2135,#2136);
#1810=AXIS2_PLACEMENT_3D('',#2658,#2138,#2139);
#1811=AXIS2_PLACEMENT_3D('',#2659,#2140,#2141);
#1812=AXIS2_PLACEMENT_3D('',#2661,#2142,#2143);
#1813=AXIS2_PLACEMENT_3D('',#2663,#2145,#2146);
#1814=AXIS2_PLACEMENT_3D('',#2667,#2149,#2150);
#1815=AXIS2_PLACEMENT_3D('',#2669,#2151,#2152);
#1816=AXIS2_PLACEMENT_3D('',#2671,#2154,#2155);
#1817=AXIS2_PLACEMENT_3D('',#2673,#2157,#2158);
#1818=AXIS2_PLACEMENT_3D('',#2679,#2162,#2163);
#1819=AXIS2_PLACEMENT_3D('',#2681,#2164,#2165);
#1820=AXIS2_PLACEMENT_3D('',#2683,#2167,#2168);
#1821=AXIS2_PLACEMENT_3D('',#2687,#2171,#2172);
#1822=AXIS2_PLACEMENT_3D('',#2689,#2173,#2174);
#1823=AXIS2_PLACEMENT_3D('',#2691,#2176,#2177);
#1824=AXIS2_PLACEMENT_3D('',#2695,#2180,#2181);
#1825=AXIS2_PLACEMENT_3D('',#2697,#2182,#2183);
#1826=AXIS2_PLACEMENT_3D('',#2699,#2185,#2186);
#1827=AXIS2_PLACEMENT_3D('',#2703,#2189,#2190);
#1828=AXIS2_PLACEMENT_3D('',#2704,#2191,#2192);
#1829=AXIS2_PLACEMENT_3D('',#2705,#2193,#2194);
#1830=AXIS2_PLACEMENT_3D('',#2706,#2195,#2196);
#1831=AXIS2_PLACEMENT_3D('',#2709,#2199,#2200);
#1832=AXIS2_PLACEMENT_3D('',#2710,#2201,#2202);
#1833=AXIS2_PLACEMENT_3D('',#2712,#2204,#2205);
#1834=AXIS2_PLACEMENT_3D('',#2714,#2207,#2208);
#1835=AXIS2_PLACEMENT_3D('',#2716,#2210,#2211);
#1836=AXIS2_PLACEMENT_3D('',#2718,#2213,#2214);
#1837=AXIS2_PLACEMENT_3D('',#2719,#2215,#2216);
#1838=AXIS2_PLACEMENT_3D('',#2722,#2217,#2218);
#1839=AXIS2_PLACEMENT_3D('',#2726,#2220,#2221);
#1840=AXIS2_PLACEMENT_3D('',#2728,#2223,#2224);
#1841=AXIS2_PLACEMENT_3D('',#2734,#2228,#2229);
#1842=AXIS2_PLACEMENT_3D('',#2737,#2230,#2231);
#1843=AXIS2_PLACEMENT_3D('',#2741,#2233,#2234);
#1844=AXIS2_PLACEMENT_3D('',#2743,#2236,#2237);
#1845=AXIS2_PLACEMENT_3D('',#2749,#2241,#2242);
#1846=AXIS2_PLACEMENT_3D('',#2755,#2246,#2247);
#1847=AXIS2_PLACEMENT_3D('',#2761,#2251,#2252);
#1848=AXIS2_PLACEMENT_3D('',#2764,#2253,#2254);
#1849=AXIS2_PLACEMENT_3D('',#2768,#2256,#2257);
#1850=AXIS2_PLACEMENT_3D('',#2770,#2259,#2260);
#1851=AXIS2_PLACEMENT_3D('',#2776,#2264,#2265);
#1852=AXIS2_PLACEMENT_3D('',#2778,#2266,#2267);
#1853=AXIS2_PLACEMENT_3D('',#2781,#2269,#2270);
#1854=AXIS2_PLACEMENT_3D('',#2782,#2271,#2272);
#1855=AXIS2_PLACEMENT_3D('',#2788,#2276,#2277);
#1856=AXIS2_PLACEMENT_3D('',#2794,#2281,#2282);
#1857=AXIS2_PLACEMENT_3D('',#2804,#2288,#2289);
#1858=AXIS2_PLACEMENT_3D('',#2814,#2295,#2296);
#1859=AXIS2_PLACEMENT_3D('',#2816,#2297,#2298);
#1860=AXIS2_PLACEMENT_3D('',#2820,#2300,#2301);
#1861=AXIS2_PLACEMENT_3D('',#2824,#2303,#2304);
#1862=AXIS2_PLACEMENT_3D('',#2827,#2306,#2307);
#1863=AXIS2_PLACEMENT_3D('',#2829,#2308,#2309);
#1864=AXIS2_PLACEMENT_3D('',#2832,#2311,#2312);
#1865=AXIS2_PLACEMENT_3D('',#2835,#2314,#2315);
#1866=AXIS2_PLACEMENT_3D('',#2837,#2316,#2317);
#1867=AXIS2_PLACEMENT_3D('',#2838,#2318,#2319);
#1868=AXIS2_PLACEMENT_3D('',#2840,#2320,#2321);
#1869=AXIS2_PLACEMENT_3D('',#2842,#2322,#2323);
#1870=AXIS2_PLACEMENT_3D('',#2844,#2325,#2326);
#1871=AXIS2_PLACEMENT_3D('',#2850,#2330,#2331);
#1872=AXIS2_PLACEMENT_3D('',#2852,#2332,#2333);
#1873=AXIS2_PLACEMENT_3D('',#2854,#2334,#2335);
#1874=AXIS2_PLACEMENT_3D('',#2856,#2337,#2338);
#1875=AXIS2_PLACEMENT_3D('',#2858,#2339,#2340);
#1876=AXIS2_PLACEMENT_3D('',#2862,#2342,#2343);
#1877=AXIS2_PLACEMENT_3D('',#2865,#2345,#2346);
#1878=AXIS2_PLACEMENT_3D('',#2866,#2347,#2348);
#1879=AXIS2_PLACEMENT_3D('',#2869,#2349,#2350);
#1880=AXIS2_PLACEMENT_3D('',#2873,#2352,#2353);
#1881=AXIS2_PLACEMENT_3D('',#2875,#2355,#2356);
#1882=AXIS2_PLACEMENT_3D('',#2881,#2360,#2361);
#1883=AXIS2_PLACEMENT_3D('',#2882,#2362,#2363);
#1884=AXIS2_PLACEMENT_3D('',#2883,#2364,#2365);
#1885=AXIS2_PLACEMENT_3D('',#2884,#2366,#2367);
#1886=AXIS2_PLACEMENT_3D('',#2887,#2368,#2369);
#1887=AXIS2_PLACEMENT_3D('',#2890,#2371,#2372);
#1888=AXIS2_PLACEMENT_3D('',#2893,#2374,#2375);
#1889=AXIS2_PLACEMENT_3D('',#2894,#2376,#2377);
#1890=AXIS2_PLACEMENT_3D('',#2896,#2379,#2380);
#1891=AXIS2_PLACEMENT_3D('',#2900,#2383,#2384);
#1892=AXIS2_PLACEMENT_3D('',#2901,#2385,#2386);
#1893=AXIS2_PLACEMENT_3D('',#2902,#2387,#2388);
#1894=AXIS2_PLACEMENT_3D('',#2906,#2391,#2392);
#1895=AXIS2_PLACEMENT_3D('',#2907,#2393,#2394);
#1896=AXIS2_PLACEMENT_3D('',#2908,#2395,#2396);
#1897=AXIS2_PLACEMENT_3D('',#2910,#2398,#2399);
#1898=AXIS2_PLACEMENT_3D('',#2913,#2402,#2403);
#1899=AXIS2_PLACEMENT_3D('',#2914,#2404,#2405);
#1900=AXIS2_PLACEMENT_3D('',#2916,#2407,#2408);
#1901=AXIS2_PLACEMENT_3D('',#2918,#2410,#2411);
#1902=AXIS2_PLACEMENT_3D('',#2920,#2413,#2414);
#1903=AXIS2_PLACEMENT_3D('',#2923,#2417,#2418);
#1904=AXIS2_PLACEMENT_3D('',#2924,#2419,#2420);
#1905=DIRECTION('axis',(0.,0.,1.));
#1906=DIRECTION('refdir',(1.,0.,0.));
#1907=DIRECTION('center_axis',(0.,1.,0.));
#1908=DIRECTION('ref_axis',(0.707106781186546,0.,0.707106781186549));
#1909=DIRECTION('center_axis',(0.,1.,0.));
#1910=DIRECTION('ref_axis',(0.707106781186546,0.,0.707106781186549));
#1911=DIRECTION('',(0.,1.,0.));
#1912=DIRECTION('center_axis',(0.,-1.,0.));
#1913=DIRECTION('ref_axis',(1.,0.,0.));
#1914=DIRECTION('',(0.,-1.,0.));
#1915=DIRECTION('center_axis',(0.,0.,1.));
#1916=DIRECTION('ref_axis',(1.,0.,0.));
#1917=DIRECTION('center_axis',(0.,0.,1.));
#1918=DIRECTION('ref_axis',(-0.707106781186548,0.707106781186548,0.));
#1919=DIRECTION('center_axis',(0.,0.,-1.));
#1920=DIRECTION('ref_axis',(-0.707106781186548,0.707106781186548,0.));
#1921=DIRECTION('center_axis',(0.,0.,1.));
#1922=DIRECTION('ref_axis',(-0.70710678118654,0.707106781186555,0.));
#1923=DIRECTION('',(0.,0.,-1.));
#1924=DIRECTION('center_axis',(0.,0.,-1.));
#1925=DIRECTION('ref_axis',(-0.70710678118654,0.707106781186555,0.));
#1926=DIRECTION('',(0.,0.,1.));
#1927=DIRECTION('center_axis',(-1.,0.,0.));
#1928=DIRECTION('ref_axis',(0.,-1.,0.));
#1929=DIRECTION('',(0.,0.,1.));
#1930=DIRECTION('',(0.,-1.,0.));
#1931=DIRECTION('center_axis',(0.,-1.,0.));
#1932=DIRECTION('ref_axis',(-0.707106781186546,0.,0.707106781186549));
#1933=DIRECTION('center_axis',(0.,1.,0.));
#1934=DIRECTION('ref_axis',(-0.707106781186546,0.,0.707106781186549));
#1935=DIRECTION('',(0.,1.,0.));
#1936=DIRECTION('center_axis',(0.,-1.,0.));
#1937=DIRECTION('ref_axis',(0.,0.,1.));
#1938=DIRECTION('',(0.,-1.,0.));
#1939=DIRECTION('center_axis',(0.,0.,1.));
#1940=DIRECTION('ref_axis',(1.,0.,0.));
#1941=DIRECTION('center_axis',(0.,0.,-1.));
#1942=DIRECTION('ref_axis',(0.707106781186548,0.707106781186548,0.));
#1943=DIRECTION('center_axis',(0.,0.,1.));
#1944=DIRECTION('ref_axis',(0.707106781186548,0.707106781186548,0.));
#1945=DIRECTION('center_axis',(0.,0.,1.));
#1946=DIRECTION('ref_axis',(1.,0.,0.));
#1947=DIRECTION('',(-1.,0.,0.));
#1948=DIRECTION('center_axis',(0.,0.,-1.));
#1949=DIRECTION('ref_axis',(-1.,2.22044604925032E-15,0.));
#1950=DIRECTION('',(-3.70074341541719E-16,1.,0.));
#1951=DIRECTION('center_axis',(0.,0.,-1.));
#1952=DIRECTION('ref_axis',(0.,1.,0.));
#1953=DIRECTION('',(1.,0.,0.));
#1954=DIRECTION('center_axis',(0.,0.,-1.));
#1955=DIRECTION('ref_axis',(1.,0.,0.));
#1956=DIRECTION('',(0.,-1.,0.));
#1957=DIRECTION('center_axis',(0.,0.,-1.));
#1958=DIRECTION('ref_axis',(0.,-1.,0.));
#1959=DIRECTION('',(-1.,0.,0.));
#1960=DIRECTION('',(1.,0.,0.));
#1961=DIRECTION('center_axis',(0.,0.,1.));
#1962=DIRECTION('ref_axis',(0.,-1.,0.));
#1963=DIRECTION('',(0.,1.,0.));
#1964=DIRECTION('center_axis',(0.,0.,1.));
#1965=DIRECTION('ref_axis',(1.,0.,0.));
#1966=DIRECTION('',(-1.,0.,0.));
#1967=DIRECTION('center_axis',(0.,0.,1.));
#1968=DIRECTION('ref_axis',(0.,1.,0.));
#1969=DIRECTION('',(0.,-1.,0.));
#1970=DIRECTION('center_axis',(0.,0.,1.));
#1971=DIRECTION('ref_axis',(-1.,0.,0.));
#1972=DIRECTION('',(1.,0.,0.));
#1973=DIRECTION('center_axis',(0.,-1.,0.));
#1974=DIRECTION('ref_axis',(1.,0.,0.));
#1975=DIRECTION('',(0.,0.,-1.));
#1976=DIRECTION('',(1.,0.,0.));
#1977=DIRECTION('',(0.,0.,1.));
#1978=DIRECTION('center_axis',(1.,0.,0.));
#1979=DIRECTION('ref_axis',(0.,1.,0.));
#1980=DIRECTION('',(0.,0.,1.));
#1981=DIRECTION('',(0.,1.,0.));
#1982=DIRECTION('center_axis',(0.,0.,1.));
#1983=DIRECTION('ref_axis',(0.707106781186546,0.707106781186549,0.));
#1984=DIRECTION('',(0.,0.,-1.));
#1985=DIRECTION('center_axis',(0.,0.,-1.));
#1986=DIRECTION('ref_axis',(0.707106781186546,0.707106781186549,0.));
#1987=DIRECTION('center_axis',(0.,-1.,0.));
#1988=DIRECTION('ref_axis',(1.,0.,0.));
#1989=DIRECTION('',(0.,0.,1.));
#1990=DIRECTION('',(1.,0.,0.));
#1991=DIRECTION('',(0.,0.,1.));
#1992=DIRECTION('',(-1.,0.,0.));
#1993=DIRECTION('center_axis',(0.,-1.,0.));
#1994=DIRECTION('ref_axis',(1.,0.,0.));
#1995=DIRECTION('',(0.,0.,1.));
#1996=DIRECTION('',(1.,0.,0.));
#1997=DIRECTION('center_axis',(0.,0.,-1.));
#1998=DIRECTION('ref_axis',(1.,0.,0.));
#1999=DIRECTION('center_axis',(0.,0.,1.));
#2000=DIRECTION('ref_axis',(1.,0.,0.));
#2001=DIRECTION('',(-0.707106781186548,-8.65956056235494E-17,-0.707106781186547));
#2002=DIRECTION('center_axis',(0.,0.,-1.));
#2003=DIRECTION('ref_axis',(1.,0.,0.));
#2004=DIRECTION('center_axis',(0.,0.,1.));
#2005=DIRECTION('ref_axis',(1.,0.,0.));
#2006=DIRECTION('center_axis',(0.,0.,1.));
#2007=DIRECTION('ref_axis',(-1.,0.,0.));
#2008=DIRECTION('',(0.,-1.,0.));
#2009=DIRECTION('center_axis',(0.,0.,1.));
#2010=DIRECTION('ref_axis',(0.,1.,0.));
#2011=DIRECTION('',(-1.,0.,0.));
#2012=DIRECTION('center_axis',(0.,0.,1.));
#2013=DIRECTION('ref_axis',(1.,0.,0.));
#2014=DIRECTION('',(0.,1.,0.));
#2015=DIRECTION('center_axis',(0.,0.,1.));
#2016=DIRECTION('ref_axis',(0.,-1.,0.));
#2017=DIRECTION('center_axis',(0.,0.,-1.));
#2018=DIRECTION('ref_axis',(1.,0.,0.));
#2019=DIRECTION('center_axis',(0.,0.,-1.));
#2020=DIRECTION('ref_axis',(1.,0.,0.));
#2021=DIRECTION('center_axis',(0.,0.,-1.));
#2022=DIRECTION('ref_axis',(1.,0.,0.));
#2023=DIRECTION('center_axis',(0.,0.,-1.));
#2024=DIRECTION('ref_axis',(1.,0.,0.));
#2025=DIRECTION('center_axis',(0.,0.,-1.));
#2026=DIRECTION('ref_axis',(1.,0.,0.));
#2027=DIRECTION('center_axis',(0.,0.,1.));
#2028=DIRECTION('ref_axis',(1.,0.,0.));
#2029=DIRECTION('center_axis',(0.,0.,-1.));
#2030=DIRECTION('ref_axis',(1.,0.,0.));
#2031=DIRECTION('',(0.,0.,-1.));
#2032=DIRECTION('center_axis',(0.,0.,-1.));
#2033=DIRECTION('ref_axis',(1.,0.,0.));
#2034=DIRECTION('center_axis',(0.,0.,1.));
#2035=DIRECTION('ref_axis',(1.,0.,0.));
#2036=DIRECTION('',(-0.707106781186546,-8.65956056235492E-17,-0.707106781186549));
#2037=DIRECTION('center_axis',(0.,0.,1.));
#2038=DIRECTION('ref_axis',(1.,0.,0.));
#2039=DIRECTION('center_axis',(0.,0.,-1.));
#2040=DIRECTION('ref_axis',(1.,0.,0.));
#2041=DIRECTION('',(0.,0.,-1.));
#2042=DIRECTION('center_axis',(0.,0.,-1.));
#2043=DIRECTION('ref_axis',(1.,0.,0.));
#2044=DIRECTION('center_axis',(0.,0.,1.));
#2045=DIRECTION('ref_axis',(1.,0.,0.));
#2046=DIRECTION('',(-0.707106781186546,-8.65956056235492E-17,-0.707106781186549));
#2047=DIRECTION('center_axis',(0.,0.,1.));
#2048=DIRECTION('ref_axis',(1.,0.,0.));
#2049=DIRECTION('center_axis',(0.,0.,-1.));
#2050=DIRECTION('ref_axis',(1.,0.,0.));
#2051=DIRECTION('',(0.,0.,-1.));
#2052=DIRECTION('center_axis',(0.,0.,-1.));
#2053=DIRECTION('ref_axis',(1.,0.,0.));
#2054=DIRECTION('center_axis',(0.,0.,1.));
#2055=DIRECTION('ref_axis',(1.,0.,0.));
#2056=DIRECTION('',(-0.707106781186546,-8.65956056235492E-17,-0.707106781186549));
#2057=DIRECTION('center_axis',(0.,0.,1.));
#2058=DIRECTION('ref_axis',(1.,0.,0.));
#2059=DIRECTION('center_axis',(0.,0.,-1.));
#2060=DIRECTION('ref_axis',(1.,0.,0.));
#2061=DIRECTION('',(0.,0.,-1.));
#2062=DIRECTION('center_axis',(0.,0.,-1.));
#2063=DIRECTION('ref_axis',(1.,0.,0.));
#2064=DIRECTION('center_axis',(0.,0.,1.));
#2065=DIRECTION('ref_axis',(1.,0.,0.));
#2066=DIRECTION('',(-0.707106781186546,-8.65956056235492E-17,-0.707106781186549));
#2067=DIRECTION('center_axis',(0.,0.,1.));
#2068=DIRECTION('ref_axis',(1.,0.,0.));
#2069=DIRECTION('center_axis',(0.,0.,-1.));
#2070=DIRECTION('ref_axis',(1.,0.,0.));
#2071=DIRECTION('',(0.,0.,-1.));
#2072=DIRECTION('center_axis',(0.,0.,-1.));
#2073=DIRECTION('ref_axis',(1.,0.,0.));
#2074=DIRECTION('center_axis',(0.,0.,1.));
#2075=DIRECTION('ref_axis',(1.,0.,0.));
#2076=DIRECTION('',(-0.707106781186546,-8.65956056235492E-17,-0.707106781186549));
#2077=DIRECTION('center_axis',(0.,0.,1.));
#2078=DIRECTION('ref_axis',(1.,0.,0.));
#2079=DIRECTION('center_axis',(0.,0.,-1.));
#2080=DIRECTION('ref_axis',(1.,0.,0.));
#2081=DIRECTION('',(0.,0.,-1.));
#2082=DIRECTION('center_axis',(0.,0.,1.));
#2083=DIRECTION('ref_axis',(1.,0.,0.));
#2084=DIRECTION('center_axis',(0.,0.,1.));
#2085=DIRECTION('ref_axis',(1.,0.,0.));
#2086=DIRECTION('',(0.707106781186548,8.65956056235493E-17,-0.707106781186548));
#2087=DIRECTION('center_axis',(0.,0.,1.));
#2088=DIRECTION('ref_axis',(1.,0.,0.));
#2089=DIRECTION('center_axis',(0.,0.,1.));
#2090=DIRECTION('ref_axis',(1.,0.,0.));
#2091=DIRECTION('',(-1.,0.,0.));
#2092=DIRECTION('center_axis',(0.,0.,1.));
#2093=DIRECTION('ref_axis',(0.,1.,0.));
#2094=DIRECTION('',(0.,-1.,0.));
#2095=DIRECTION('center_axis',(0.,0.,1.));
#2096=DIRECTION('ref_axis',(-1.,0.,0.));
#2097=DIRECTION('',(1.,0.,0.));
#2098=DIRECTION('center_axis',(0.,0.,1.));
#2099=DIRECTION('ref_axis',(0.,-1.,0.));
#2100=DIRECTION('',(0.,1.,0.));
#2101=DIRECTION('center_axis',(0.,0.,1.));
#2102=DIRECTION('ref_axis',(1.,0.,0.));
#2103=DIRECTION('center_axis',(0.,0.,1.));
#2104=DIRECTION('ref_axis',(1.,0.,0.));
#2105=DIRECTION('center_axis',(0.,0.,1.));
#2106=DIRECTION('ref_axis',(1.,0.,0.));
#2107=DIRECTION('center_axis',(0.,0.,1.));
#2108=DIRECTION('ref_axis',(1.,0.,0.));
#2109=DIRECTION('center_axis',(0.,0.,1.));
#2110=DIRECTION('ref_axis',(1.,0.,0.));
#2111=DIRECTION('center_axis',(0.,0.,1.));
#2112=DIRECTION('ref_axis',(1.,0.,0.));
#2113=DIRECTION('',(0.707106781186546,8.65956056235491E-17,-0.707106781186549));
#2114=DIRECTION('center_axis',(0.,0.,1.));
#2115=DIRECTION('ref_axis',(1.,0.,0.));
#2116=DIRECTION('',(0.707106781186546,8.65956056235491E-17,-0.707106781186549));
#2117=DIRECTION('center_axis',(0.,0.,1.));
#2118=DIRECTION('ref_axis',(1.,0.,0.));
#2119=DIRECTION('',(0.707106781186546,8.65956056235491E-17,-0.707106781186549));
#2120=DIRECTION('center_axis',(0.,0.,1.));
#2121=DIRECTION('ref_axis',(1.,0.,0.));
#2122=DIRECTION('',(0.707106781186546,8.65956056235491E-17,-0.707106781186549));
#2123=DIRECTION('center_axis',(0.,0.,1.));
#2124=DIRECTION('ref_axis',(1.,0.,0.));
#2125=DIRECTION('',(0.707106781186546,8.65956056235491E-17,-0.707106781186549));
#2126=DIRECTION('center_axis',(0.,0.,1.));
#2127=DIRECTION('ref_axis',(0.,-1.,0.));
#2128=DIRECTION('',(0.,0.,1.));
#2129=DIRECTION('center_axis',(0.,0.,1.));
#2130=DIRECTION('ref_axis',(0.,-1.,0.));
#2131=DIRECTION('center_axis',(1.,0.,0.));
#2132=DIRECTION('ref_axis',(0.,1.,0.));
#2133=DIRECTION('',(0.,0.,1.));
#2134=DIRECTION('',(0.,1.,0.));
#2135=DIRECTION('center_axis',(0.,0.,1.));
#2136=DIRECTION('ref_axis',(1.,0.,0.));
#2137=DIRECTION('',(0.,0.,1.));
#2138=DIRECTION('center_axis',(0.,0.,1.));
#2139=DIRECTION('ref_axis',(1.,0.,0.));
#2140=DIRECTION('center_axis',(0.,0.,1.));
#2141=DIRECTION('ref_axis',(-1.,2.22044604925032E-15,0.));
#2142=DIRECTION('center_axis',(0.,0.,1.));
#2143=DIRECTION('ref_axis',(-1.,2.22044604925032E-15,0.));
#2144=DIRECTION('',(0.,0.,1.));
#2145=DIRECTION('center_axis',(-1.,-3.70074341541719E-16,0.));
#2146=DIRECTION('ref_axis',(3.70074341541719E-16,-1.,0.));
#2147=DIRECTION('',(3.70074341541719E-16,-1.,0.));
#2148=DIRECTION('',(0.,0.,1.));
#2149=DIRECTION('center_axis',(0.,0.,1.));
#2150=DIRECTION('ref_axis',(0.,1.,0.));
#2151=DIRECTION('center_axis',(0.,0.,1.));
#2152=DIRECTION('ref_axis',(0.,1.,0.));
#2153=DIRECTION('',(0.,0.,1.));
#2154=DIRECTION('center_axis',(0.,1.,0.));
#2155=DIRECTION('ref_axis',(-1.,0.,0.));
#2156=DIRECTION('',(-1.,0.,0.));
#2157=DIRECTION('center_axis',(0.,1.,0.));
#2158=DIRECTION('ref_axis',(1.,0.,0.));
#2159=DIRECTION('',(0.,0.,-1.));
#2160=DIRECTION('',(1.,0.,0.));
#2161=DIRECTION('',(0.,0.,-1.));
#2162=DIRECTION('center_axis',(0.,0.,-1.));
#2163=DIRECTION('ref_axis',(0.,1.,0.));
#2164=DIRECTION('center_axis',(0.,0.,-1.));
#2165=DIRECTION('ref_axis',(0.,1.,0.));
#2166=DIRECTION('',(0.,0.,-1.));
#2167=DIRECTION('center_axis',(-1.,0.,0.));
#2168=DIRECTION('ref_axis',(0.,1.,0.));
#2169=DIRECTION('',(0.,1.,0.));
#2170=DIRECTION('',(0.,0.,-1.));
#2171=DIRECTION('center_axis',(0.,0.,-1.));
#2172=DIRECTION('ref_axis',(-1.,0.,0.));
#2173=DIRECTION('center_axis',(0.,0.,-1.));
#2174=DIRECTION('ref_axis',(-1.,0.,0.));
#2175=DIRECTION('',(0.,0.,-1.));
#2176=DIRECTION('center_axis',(0.,-1.,0.));
#2177=DIRECTION('ref_axis',(-1.,0.,0.));
#2178=DIRECTION('',(-1.,0.,0.));
#2179=DIRECTION('',(0.,0.,-1.));
#2180=DIRECTION('center_axis',(0.,0.,-1.));
#2181=DIRECTION('ref_axis',(0.,-1.,0.));
#2182=DIRECTION('center_axis',(0.,0.,-1.));
#2183=DIRECTION('ref_axis',(0.,-1.,0.));
#2184=DIRECTION('',(0.,0.,-1.));
#2185=DIRECTION('center_axis',(1.,0.,0.));
#2186=DIRECTION('ref_axis',(0.,-1.,0.));
#2187=DIRECTION('',(0.,-1.,0.));
#2188=DIRECTION('',(0.,0.,-1.));
#2189=DIRECTION('center_axis',(0.,0.,-1.));
#2190=DIRECTION('ref_axis',(1.,0.,0.));
#2191=DIRECTION('center_axis',(0.,0.,-1.));
#2192=DIRECTION('ref_axis',(1.,0.,0.));
#2193=DIRECTION('center_axis',(0.,0.,1.));
#2194=DIRECTION('ref_axis',(1.,0.,0.));
#2195=DIRECTION('center_axis',(1.,0.,0.));
#2196=DIRECTION('ref_axis',(0.,1.,0.));
#2197=DIRECTION('',(0.,0.,1.));
#2198=DIRECTION('',(0.,0.,1.));
#2199=DIRECTION('center_axis',(0.,0.,1.));
#2200=DIRECTION('ref_axis',(0.,-1.,0.));
#2201=DIRECTION('center_axis',(0.,0.,1.));
#2202=DIRECTION('ref_axis',(-1.,0.,0.));
#2203=DIRECTION('',(0.,0.,1.));
#2204=DIRECTION('center_axis',(-1.,0.,0.));
#2205=DIRECTION('ref_axis',(0.,-1.,0.));
#2206=DIRECTION('',(0.,0.,1.));
#2207=DIRECTION('center_axis',(0.,0.,1.));
#2208=DIRECTION('ref_axis',(0.,1.,0.));
#2209=DIRECTION('',(0.,0.,1.));
#2210=DIRECTION('center_axis',(0.,1.,0.));
#2211=DIRECTION('ref_axis',(-1.,0.,0.));
#2212=DIRECTION('',(0.,0.,1.));
#2213=DIRECTION('center_axis',(0.,0.,1.));
#2214=DIRECTION('ref_axis',(1.,0.,0.));
#2215=DIRECTION('center_axis',(0.,0.,-1.));
#2216=DIRECTION('ref_axis',(0.707106781186546,-0.707106781186549,0.));
#2217=DIRECTION('center_axis',(0.,0.,1.));
#2218=DIRECTION('ref_axis',(0.707106781186546,-0.707106781186549,0.));
#2219=DIRECTION('',(0.,0.,-1.));
#2220=DIRECTION('center_axis',(0.,0.,-1.));
#2221=DIRECTION('ref_axis',(0.707106781186546,-0.707106781186549,0.));
#2222=DIRECTION('',(0.,0.,1.));
#2223=DIRECTION('center_axis',(-1.,0.,0.));
#2224=DIRECTION('ref_axis',(0.,0.,1.));
#2225=DIRECTION('',(0.,1.,0.));
#2226=DIRECTION('',(0.,0.,1.));
#2227=DIRECTION('',(0.,1.,0.));
#2228=DIRECTION('center_axis',(0.,0.,1.));
#2229=DIRECTION('ref_axis',(-0.707106781186546,-0.707106781186549,0.));
#2230=DIRECTION('center_axis',(0.,0.,-1.));
#2231=DIRECTION('ref_axis',(-0.707106781186546,-0.707106781186549,0.));
#2232=DIRECTION('',(0.,0.,1.));
#2233=DIRECTION('center_axis',(0.,0.,1.));
#2234=DIRECTION('ref_axis',(-0.707106781186546,-0.707106781186549,0.));
#2235=DIRECTION('',(0.,0.,-1.));
#2236=DIRECTION('center_axis',(1.,0.,0.));
#2237=DIRECTION('ref_axis',(0.,0.,-1.));
#2238=DIRECTION('',(0.,1.,0.));
#2239=DIRECTION('',(0.,0.,-1.));
#2240=DIRECTION('',(0.,1.,0.));
#2241=DIRECTION('center_axis',(0.,-1.,0.));
#2242=DIRECTION('ref_axis',(-1.,0.,0.));
#2243=DIRECTION('',(1.,0.,0.));
#2244=DIRECTION('',(0.,0.,-1.));
#2245=DIRECTION('',(-1.,0.,0.));
#2246=DIRECTION('center_axis',(0.,1.,0.));
#2247=DIRECTION('ref_axis',(1.,0.,0.));
#2248=DIRECTION('',(-1.,0.,0.));
#2249=DIRECTION('',(0.,0.,-1.));
#2250=DIRECTION('',(1.,0.,0.));
#2251=DIRECTION('center_axis',(0.,0.,-1.));
#2252=DIRECTION('ref_axis',(0.707106781186546,0.707106781186549,0.));
#2253=DIRECTION('center_axis',(0.,0.,1.));
#2254=DIRECTION('ref_axis',(0.707106781186546,0.707106781186549,0.));
#2255=DIRECTION('',(0.,0.,-1.));
#2256=DIRECTION('center_axis',(0.,0.,-1.));
#2257=DIRECTION('ref_axis',(0.707106781186546,0.707106781186549,0.));
#2258=DIRECTION('',(0.,0.,1.));
#2259=DIRECTION('center_axis',(0.,1.,0.));
#2260=DIRECTION('ref_axis',(1.,0.,0.));
#2261=DIRECTION('',(1.,0.,0.));
#2262=DIRECTION('',(0.,0.,1.));
#2263=DIRECTION('',(-1.,0.,0.));
#2264=DIRECTION('center_axis',(0.,0.,-1.));
#2265=DIRECTION('ref_axis',(-0.707106781186546,0.707106781186549,0.));
#2266=DIRECTION('center_axis',(0.,0.,1.));
#2267=DIRECTION('ref_axis',(-0.707106781186546,0.707106781186549,0.));
#2268=DIRECTION('',(0.,0.,-1.));
#2269=DIRECTION('center_axis',(0.,0.,-1.));
#2270=DIRECTION('ref_axis',(-0.707106781186546,0.707106781186549,0.));
#2271=DIRECTION('center_axis',(-1.,0.,0.));
#2272=DIRECTION('ref_axis',(0.,1.,0.));
#2273=DIRECTION('',(0.,1.,0.));
#2274=DIRECTION('',(0.,0.,1.));
#2275=DIRECTION('',(0.,-1.,0.));
#2276=DIRECTION('center_axis',(1.,0.,0.));
#2277=DIRECTION('ref_axis',(0.,-1.,0.));
#2278=DIRECTION('',(0.,1.,0.));
#2279=DIRECTION('',(0.,0.,-1.));
#2280=DIRECTION('',(0.,-1.,0.));
#2281=DIRECTION('center_axis',(3.63595873649683E-25,-1.,0.));
#2282=DIRECTION('ref_axis',(-1.,-3.63595873649683E-25,0.));
#2283=DIRECTION('',(-1.,-3.63595873649683E-25,0.));
#2284=DIRECTION('',(0.,0.,1.));
#2285=DIRECTION('',(1.,3.63595873649683E-25,0.));
#2286=DIRECTION('',(0.,0.,1.));
#2287=DIRECTION('',(-1.,-3.63595873649683E-25,0.));
#2288=DIRECTION('center_axis',(3.63595873649683E-25,-1.,0.));
#2289=DIRECTION('ref_axis',(-1.,-3.63595873649683E-25,0.));
#2290=DIRECTION('',(-1.,-3.63595873649683E-25,0.));
#2291=DIRECTION('',(0.,0.,1.));
#2292=DIRECTION('',(1.,3.63595873649683E-25,0.));
#2293=DIRECTION('',(0.,0.,1.));
#2294=DIRECTION('',(-1.,-3.63595873649683E-25,0.));
#2295=DIRECTION('center_axis',(0.,0.,1.));
#2296=DIRECTION('ref_axis',(1.,0.,0.));
#2297=DIRECTION('center_axis',(0.,0.,-1.));
#2298=DIRECTION('ref_axis',(-1.,0.,0.));
#2299=DIRECTION('',(0.,1.,0.));
#2300=DIRECTION('center_axis',(0.,0.,-1.));
#2301=DIRECTION('ref_axis',(0.,1.,0.));
#2302=DIRECTION('',(1.,0.,0.));
#2303=DIRECTION('center_axis',(0.,0.,-1.));
#2304=DIRECTION('ref_axis',(1.,0.,0.));
#2305=DIRECTION('',(0.,-1.,0.));
#2306=DIRECTION('center_axis',(0.,0.,-1.));
#2307=DIRECTION('ref_axis',(-3.55271367880049E-15,-1.,0.));
#2308=DIRECTION('center_axis',(0.,0.,1.));
#2309=DIRECTION('ref_axis',(1.48029736616688E-15,1.,0.));
#2310=DIRECTION('',(1.,0.,0.));
#2311=DIRECTION('center_axis',(0.,0.,1.));
#2312=DIRECTION('ref_axis',(0.,-1.,0.));
#2313=DIRECTION('',(-1.,0.,0.));
#2314=DIRECTION('center_axis',(0.,0.,1.));
#2315=DIRECTION('ref_axis',(1.,0.,0.));
#2316=DIRECTION('center_axis',(0.,0.,1.));
#2317=DIRECTION('ref_axis',(1.,0.,0.));
#2318=DIRECTION('center_axis',(0.,0.,1.));
#2319=DIRECTION('ref_axis',(0.,-1.,0.));
#2320=DIRECTION('center_axis',(0.,0.,1.));
#2321=DIRECTION('ref_axis',(0.,-1.,0.));
#2322=DIRECTION('center_axis',(0.,0.,-1.));
#2323=DIRECTION('ref_axis',(0.,-1.,0.));
#2324=DIRECTION('',(0.,0.,1.));
#2325=DIRECTION('center_axis',(-1.,0.,0.));
#2326=DIRECTION('ref_axis',(0.,-1.,0.));
#2327=DIRECTION('',(0.,1.,0.));
#2328=DIRECTION('',(0.,-1.,0.));
#2329=DIRECTION('',(0.,0.,1.));
#2330=DIRECTION('center_axis',(0.,0.,1.));
#2331=DIRECTION('ref_axis',(1.,0.,0.));
#2332=DIRECTION('center_axis',(0.,0.,1.));
#2333=DIRECTION('ref_axis',(1.,0.,0.));
#2334=DIRECTION('center_axis',(0.,0.,-1.));
#2335=DIRECTION('ref_axis',(1.,0.,0.));
#2336=DIRECTION('',(0.,0.,1.));
#2337=DIRECTION('center_axis',(0.,0.,1.));
#2338=DIRECTION('ref_axis',(1.,0.,0.));
#2339=DIRECTION('center_axis',(0.,0.,1.));
#2340=DIRECTION('ref_axis',(-3.55271367880049E-15,-1.,0.));
#2341=DIRECTION('',(0.,1.,0.));
#2342=DIRECTION('center_axis',(0.,0.,1.));
#2343=DIRECTION('ref_axis',(1.,0.,0.));
#2344=DIRECTION('',(-1.,0.,0.));
#2345=DIRECTION('center_axis',(0.,0.,-1.));
#2346=DIRECTION('ref_axis',(1.,0.,0.));
#2347=DIRECTION('center_axis',(0.,0.,1.));
#2348=DIRECTION('ref_axis',(2.22044604925031E-16,1.,0.));
#2349=DIRECTION('center_axis',(0.,0.,1.));
#2350=DIRECTION('ref_axis',(2.22044604925031E-16,1.,0.));
#2351=DIRECTION('',(0.,0.,1.));
#2352=DIRECTION('center_axis',(0.,0.,-1.));
#2353=DIRECTION('ref_axis',(2.22044604925031E-16,1.,0.));
#2354=DIRECTION('',(0.,0.,1.));
#2355=DIRECTION('center_axis',(1.,0.,0.));
#2356=DIRECTION('ref_axis',(0.,1.,0.));
#2357=DIRECTION('',(0.,-1.,0.));
#2358=DIRECTION('',(0.,1.,0.));
#2359=DIRECTION('',(0.,0.,1.));
#2360=DIRECTION('center_axis',(0.,0.,1.));
#2361=DIRECTION('ref_axis',(-1.,2.22044604925031E-16,0.));
#2362=DIRECTION('center_axis',(0.,0.,1.));
#2363=DIRECTION('ref_axis',(-1.,2.22044604925031E-16,0.));
#2364=DIRECTION('center_axis',(0.,0.,-1.));
#2365=DIRECTION('ref_axis',(-1.,2.22044604925031E-16,0.));
#2366=DIRECTION('center_axis',(0.,0.,1.));
#2367=DIRECTION('ref_axis',(1.,0.,0.));
#2368=DIRECTION('center_axis',(0.,0.,1.));
#2369=DIRECTION('ref_axis',(0.,1.,0.));
#2370=DIRECTION('',(0.,-1.,0.));
#2371=DIRECTION('center_axis',(0.,0.,1.));
#2372=DIRECTION('ref_axis',(-1.,0.,0.));
#2373=DIRECTION('',(-1.,0.,0.));
#2374=DIRECTION('center_axis',(0.,0.,-1.));
#2375=DIRECTION('ref_axis',(1.,0.,0.));
#2376=DIRECTION('center_axis',(0.,0.,-1.));
#2377=DIRECTION('ref_axis',(1.,0.,0.));
#2378=DIRECTION('',(0.,0.,1.));
#2379=DIRECTION('center_axis',(0.,-1.,0.));
#2380=DIRECTION('ref_axis',(-1.,0.,0.));
#2381=DIRECTION('',(0.,0.,-1.));
#2382=DIRECTION('',(1.,0.,0.));
#2383=DIRECTION('center_axis',(0.,0.,-1.));
#2384=DIRECTION('ref_axis',(0.,-1.,0.));
#2385=DIRECTION('center_axis',(0.,0.,-1.));
#2386=DIRECTION('ref_axis',(0.,-1.,0.));
#2387=DIRECTION('center_axis',(0.,1.,0.));
#2388=DIRECTION('ref_axis',(1.,0.,0.));
#2389=DIRECTION('',(0.,0.,-1.));
#2390=DIRECTION('',(-1.,0.,0.));
#2391=DIRECTION('center_axis',(0.,0.,-1.));
#2392=DIRECTION('ref_axis',(1.48029736616688E-15,1.,0.));
#2393=DIRECTION('center_axis',(0.,0.,-1.));
#2394=DIRECTION('ref_axis',(1.48029736616688E-15,1.,0.));
#2395=DIRECTION('center_axis',(0.,0.,-1.));
#2396=DIRECTION('ref_axis',(1.,0.,0.));
#2397=DIRECTION('',(0.,0.,1.));
#2398=DIRECTION('center_axis',(-1.,0.,0.));
#2399=DIRECTION('ref_axis',(0.,1.,0.));
#2400=DIRECTION('',(0.,0.,1.));
#2401=DIRECTION('',(0.,0.,1.));
#2402=DIRECTION('center_axis',(0.,0.,-1.));
#2403=DIRECTION('ref_axis',(-1.,0.,0.));
#2404=DIRECTION('center_axis',(0.,0.,-1.));
#2405=DIRECTION('ref_axis',(-3.55271367880049E-15,-1.,0.));
#2406=DIRECTION('',(0.,0.,1.));
#2407=DIRECTION('center_axis',(1.,0.,0.));
#2408=DIRECTION('ref_axis',(0.,-1.,0.));
#2409=DIRECTION('',(0.,0.,1.));
#2410=DIRECTION('center_axis',(0.,0.,-1.));
#2411=DIRECTION('ref_axis',(1.,0.,0.));
#2412=DIRECTION('',(0.,0.,1.));
#2413=DIRECTION('center_axis',(0.,1.,0.));
#2414=DIRECTION('ref_axis',(1.,0.,0.));
#2415=DIRECTION('',(1.,0.,0.));
#2416=DIRECTION('',(0.,0.,-1.));
#2417=DIRECTION('center_axis',(0.,0.,-1.));
#2418=DIRECTION('ref_axis',(0.,1.,0.));
#2419=DIRECTION('center_axis',(0.,0.,1.));
#2420=DIRECTION('ref_axis',(1.,0.,0.));
#2421=CARTESIAN_POINT('',(0.,0.,0.));
#2422=CARTESIAN_POINT('Origin',(33.,8.25000010042087,1.));
#2423=CARTESIAN_POINT('',(33.,0.,1.5));
#2424=CARTESIAN_POINT('',(33.5,0.,1.));
#2425=CARTESIAN_POINT('Origin',(33.,0.,1.));
#2426=CARTESIAN_POINT('',(33.5,6.,1.));
#2427=CARTESIAN_POINT('',(33.5,8.25000010042087,1.));
#2428=CARTESIAN_POINT('',(33.,6.,1.5));
#2429=CARTESIAN_POINT('Origin',(33.,6.,1.));
#2430=CARTESIAN_POINT('',(33.,8.25000010042087,1.5));
#2431=CARTESIAN_POINT('Origin',(34.,6.,1.));
#2432=CARTESIAN_POINT('',(34.,6.5,1.));
#2433=CARTESIAN_POINT('',(33.1339745962156,6.5,1.5));
#2434=CARTESIAN_POINT('Ctrl Pts',(33.1339745962156,6.5,1.5));
#2435=CARTESIAN_POINT('Ctrl Pts',(33.2614133071533,6.5,1.5));
#2436=CARTESIAN_POINT('Ctrl Pts',(33.4076347634246,6.5,1.45521400005112));
#2437=CARTESIAN_POINT('Ctrl Pts',(33.692388363898,6.5,1.30195635809436));
#2438=CARTESIAN_POINT('Ctrl Pts',(33.8614508889595,6.5,1.13854911104048));
#2439=CARTESIAN_POINT('Ctrl Pts',(34.,6.5,1.));
#2440=CARTESIAN_POINT('Origin',(34.,6.,1.5));
#2441=CARTESIAN_POINT('Origin',(34.,6.,1.));
#2442=CARTESIAN_POINT('Origin',(34.,6.,0.));
#2443=CARTESIAN_POINT('',(33.5,6.,0.));
#2444=CARTESIAN_POINT('',(33.5,6.,0.));
#2445=CARTESIAN_POINT('',(34.,6.50000020084174,0.));
#2446=CARTESIAN_POINT('Origin',(34.,6.,0.));
#2447=CARTESIAN_POINT('',(34.,6.5,0.));
#2448=CARTESIAN_POINT('Origin',(33.5,6.50000020084174,0.));
#2449=CARTESIAN_POINT('',(33.5,2.00841736575086E-7,0.));
#2450=CARTESIAN_POINT('',(33.5,0.,0.));
#2451=CARTESIAN_POINT('',(33.5,8.25000010042087,0.));
#2452=CARTESIAN_POINT('Origin',(38.,5.00000010042087,1.));
#2453=CARTESIAN_POINT('',(37.5,0.,1.));
#2454=CARTESIAN_POINT('',(38.,0.,1.5));
#2455=CARTESIAN_POINT('Origin',(38.,0.,1.));
#2456=CARTESIAN_POINT('',(38.,6.,1.5));
#2457=CARTESIAN_POINT('',(38.,5.00000010042087,1.5));
#2458=CARTESIAN_POINT('',(37.5,6.,1.));
#2459=CARTESIAN_POINT('Origin',(38.,6.,1.));
#2460=CARTESIAN_POINT('',(37.5,5.00000010042087,1.));
#2461=CARTESIAN_POINT('Origin',(37.,6.,1.));
#2462=CARTESIAN_POINT('',(37.8660254037844,6.5,1.5));
#2463=CARTESIAN_POINT('',(37.,6.5,1.));
#2464=CARTESIAN_POINT('Ctrl Pts',(37.,6.5,1.));
#2465=CARTESIAN_POINT('Ctrl Pts',(37.1385491110405,6.5,1.13854911104048));
#2466=CARTESIAN_POINT('Ctrl Pts',(37.307611636102,6.5,1.30195635809436));
#2467=CARTESIAN_POINT('Ctrl Pts',(37.5923652365754,6.5,1.45521400005112));
#2468=CARTESIAN_POINT('Ctrl Pts',(37.7385866928467,6.5,1.5));
#2469=CARTESIAN_POINT('Ctrl Pts',(37.8660254037844,6.5,1.5));
#2470=CARTESIAN_POINT('Origin',(37.,6.,1.));
#2471=CARTESIAN_POINT('Origin',(37.,6.,1.5));
#2472=CARTESIAN_POINT('Origin',(35.5,10.,1.5));
#2473=CARTESIAN_POINT('',(7.,6.5,1.5));
#2474=CARTESIAN_POINT('',(7.,6.5,1.5));
#2475=CARTESIAN_POINT('',(6.5,7.,1.5));
#2476=CARTESIAN_POINT('Origin',(7.,7.,1.5));
#2477=CARTESIAN_POINT('',(6.5,13.,1.5));
#2478=CARTESIAN_POINT('',(6.5,13.,1.5));
#2479=CARTESIAN_POINT('',(7.,13.5,1.5));
#2480=CARTESIAN_POINT('Origin',(7.,13.,1.5));
#2481=CARTESIAN_POINT('',(64.,13.5,1.5));
#2482=CARTESIAN_POINT('',(64.,13.5,1.5));
#2483=CARTESIAN_POINT('',(64.5,13.,1.5));
#2484=CARTESIAN_POINT('Origin',(64.,13.,1.5));
#2485=CARTESIAN_POINT('',(64.5,7.,1.5));
#2486=CARTESIAN_POINT('',(64.5,7.,1.5));
#2487=CARTESIAN_POINT('',(64.,6.5,1.5));
#2488=CARTESIAN_POINT('Origin',(64.,7.,1.5));
#2489=CARTESIAN_POINT('',(7.,6.5,1.5));
#2490=CARTESIAN_POINT('',(66.,0.,1.5));
#2491=CARTESIAN_POINT('',(5.,0.,1.5));
#2492=CARTESIAN_POINT('',(71.,5.,1.5));
#2493=CARTESIAN_POINT('Origin',(66.,5.,1.5));
#2494=CARTESIAN_POINT('',(71.,15.,1.5));
#2495=CARTESIAN_POINT('',(71.,5.,1.5));
#2496=CARTESIAN_POINT('',(66.,20.,1.5));
#2497=CARTESIAN_POINT('Origin',(66.,15.,1.5));
#2498=CARTESIAN_POINT('',(5.,20.,1.5));
#2499=CARTESIAN_POINT('',(66.,20.,1.5));
#2500=CARTESIAN_POINT('',(0.,15.,1.5));
#2501=CARTESIAN_POINT('Origin',(5.,15.,1.5));
#2502=CARTESIAN_POINT('',(0.,5.,1.5));
#2503=CARTESIAN_POINT('',(0.,15.,1.5));
#2504=CARTESIAN_POINT('',(5.,0.,1.5));
#2505=CARTESIAN_POINT('Origin',(5.,5.,1.5));
#2506=CARTESIAN_POINT('',(5.,0.,1.5));
#2507=CARTESIAN_POINT('Origin',(5.,0.,0.));
#2508=CARTESIAN_POINT('',(37.5,2.00841736369559E-7,0.));
#2509=CARTESIAN_POINT('',(37.5,0.,0.));
#2510=CARTESIAN_POINT('',(66.,0.,0.));
#2511=CARTESIAN_POINT('',(5.,0.,0.));
#2512=CARTESIAN_POINT('',(66.,0.,0.));
#2513=CARTESIAN_POINT('Origin',(37.5,2.00841736369559E-7,0.));
#2514=CARTESIAN_POINT('',(37.5,6.,0.));
#2515=CARTESIAN_POINT('',(37.5,6.,0.));
#2516=CARTESIAN_POINT('',(37.5,5.00000010042087,0.));
#2517=CARTESIAN_POINT('Origin',(37.,6.,0.));
#2518=CARTESIAN_POINT('',(37.,6.50000020084174,0.));
#2519=CARTESIAN_POINT('',(37.,6.5,0.));
#2520=CARTESIAN_POINT('Origin',(37.,6.,0.));
#2521=CARTESIAN_POINT('Origin',(7.,6.5,0.));
#2522=CARTESIAN_POINT('',(64.,6.5,11.5));
#2523=CARTESIAN_POINT('',(64.,6.5,0.));
#2524=CARTESIAN_POINT('',(7.,6.5,11.5));
#2525=CARTESIAN_POINT('',(7.,6.5,11.5));
#2526=CARTESIAN_POINT('',(7.,6.5,0.));
#2527=CARTESIAN_POINT('',(36.5,6.50000020084174,0.));
#2528=CARTESIAN_POINT('Origin',(5.,0.,0.));
#2529=CARTESIAN_POINT('',(5.,0.,0.));
#2530=CARTESIAN_POINT('',(5.,0.,0.));
#2531=CARTESIAN_POINT('',(5.,0.,0.));
#2532=CARTESIAN_POINT('Origin',(15.5,10.,0.25));
#2533=CARTESIAN_POINT('',(13.,10.,0.5));
#2534=CARTESIAN_POINT('Origin',(15.5,10.,0.5));
#2535=CARTESIAN_POINT('',(12.5,10.,0.));
#2536=CARTESIAN_POINT('',(12.75,10.,0.25));
#2537=CARTESIAN_POINT('Origin',(15.5,10.,0.));
#2538=CARTESIAN_POINT('Origin',(35.5,10.,0.));
#2539=CARTESIAN_POINT('',(0.,5.,0.));
#2540=CARTESIAN_POINT('Origin',(5.,5.,0.));
#2541=CARTESIAN_POINT('',(0.,15.,0.));
#2542=CARTESIAN_POINT('',(0.,15.,0.));
#2543=CARTESIAN_POINT('',(5.,20.,0.));
#2544=CARTESIAN_POINT('Origin',(5.,15.,0.));
#2545=CARTESIAN_POINT('',(66.,20.,0.));
#2546=CARTESIAN_POINT('',(66.,20.,0.));
#2547=CARTESIAN_POINT('',(71.,15.,0.));
#2548=CARTESIAN_POINT('Origin',(66.,15.,0.));
#2549=CARTESIAN_POINT('',(71.,5.,0.));
#2550=CARTESIAN_POINT('',(71.,5.,0.));
#2551=CARTESIAN_POINT('Origin',(66.,5.,0.));
#2552=CARTESIAN_POINT('',(20.5,10.,0.));
#2553=CARTESIAN_POINT('Origin',(23.5,10.,0.));
#2554=CARTESIAN_POINT('',(36.5,10.,0.));
#2555=CARTESIAN_POINT('Origin',(39.5,10.,0.));
#2556=CARTESIAN_POINT('',(52.5,10.,0.));
#2557=CARTESIAN_POINT('Origin',(55.5,10.,0.));
#2558=CARTESIAN_POINT('',(44.5,10.,0.));
#2559=CARTESIAN_POINT('Origin',(47.5,10.,0.));
#2560=CARTESIAN_POINT('',(28.5,10.,0.));
#2561=CARTESIAN_POINT('Origin',(31.5,10.,0.));
#2562=CARTESIAN_POINT('Origin',(15.5,10.,0.));
#2563=CARTESIAN_POINT('',(13.,10.,12.5));
#2564=CARTESIAN_POINT('Origin',(15.5,10.,12.5));
#2565=CARTESIAN_POINT('',(13.,10.,0.));
#2566=CARTESIAN_POINT('Origin',(23.5,10.,0.25));
#2567=CARTESIAN_POINT('',(21.,10.,0.5));
#2568=CARTESIAN_POINT('Origin',(23.5,10.,0.5));
#2569=CARTESIAN_POINT('',(20.75,10.,0.25));
#2570=CARTESIAN_POINT('Origin',(23.5,10.,0.));
#2571=CARTESIAN_POINT('',(21.,10.,12.5));
#2572=CARTESIAN_POINT('Origin',(23.5,10.,12.5));
#2573=CARTESIAN_POINT('',(21.,10.,0.));
#2574=CARTESIAN_POINT('Origin',(31.5,10.,0.25));
#2575=CARTESIAN_POINT('',(29.,10.,0.5));
#2576=CARTESIAN_POINT('Origin',(31.5,10.,0.5));
#2577=CARTESIAN_POINT('',(28.75,10.,0.25));
#2578=CARTESIAN_POINT('Origin',(31.5,10.,0.));
#2579=CARTESIAN_POINT('',(29.,10.,12.5));
#2580=CARTESIAN_POINT('Origin',(31.5,10.,12.5));
#2581=CARTESIAN_POINT('',(29.,10.,0.));
#2582=CARTESIAN_POINT('Origin',(39.5,10.,0.25));
#2583=CARTESIAN_POINT('',(37.,10.,0.5));
#2584=CARTESIAN_POINT('Origin',(39.5,10.,0.5));
#2585=CARTESIAN_POINT('',(36.75,10.,0.25));
#2586=CARTESIAN_POINT('Origin',(39.5,10.,0.));
#2587=CARTESIAN_POINT('',(37.,10.,12.5));
#2588=CARTESIAN_POINT('Origin',(39.5,10.,12.5));
#2589=CARTESIAN_POINT('',(37.,10.,0.));
#2590=CARTESIAN_POINT('Origin',(47.5,10.,0.25));
#2591=CARTESIAN_POINT('',(45.,10.,0.5));
#2592=CARTESIAN_POINT('Origin',(47.5,10.,0.5));
#2593=CARTESIAN_POINT('',(44.75,10.,0.25));
#2594=CARTESIAN_POINT('Origin',(47.5,10.,0.));
#2595=CARTESIAN_POINT('',(45.,10.,12.5));
#2596=CARTESIAN_POINT('Origin',(47.5,10.,12.5));
#2597=CARTESIAN_POINT('',(45.,10.,0.));
#2598=CARTESIAN_POINT('Origin',(55.5,10.,0.25));
#2599=CARTESIAN_POINT('',(53.,10.,0.5));
#2600=CARTESIAN_POINT('Origin',(55.5,10.,0.5));
#2601=CARTESIAN_POINT('',(52.75,10.,0.25));
#2602=CARTESIAN_POINT('Origin',(55.5,10.,0.));
#2603=CARTESIAN_POINT('',(53.,10.,12.5));
#2604=CARTESIAN_POINT('Origin',(55.5,10.,12.5));
#2605=CARTESIAN_POINT('',(53.,10.,0.));
#2606=CARTESIAN_POINT('Origin',(15.5,10.,12.75));
#2607=CARTESIAN_POINT('',(12.5,10.,13.));
#2608=CARTESIAN_POINT('Origin',(15.5,10.,13.));
#2609=CARTESIAN_POINT('',(12.75,10.,12.75));
#2610=CARTESIAN_POINT('Origin',(35.5,10.,13.));
#2611=CARTESIAN_POINT('',(71.,15.,13.));
#2612=CARTESIAN_POINT('',(66.,20.,13.));
#2613=CARTESIAN_POINT('Origin',(66.,15.,13.));
#2614=CARTESIAN_POINT('',(5.,20.,13.));
#2615=CARTESIAN_POINT('',(66.,20.,13.));
#2616=CARTESIAN_POINT('',(0.,15.,13.));
#2617=CARTESIAN_POINT('Origin',(5.,15.,13.));
#2618=CARTESIAN_POINT('',(0.,5.,13.));
#2619=CARTESIAN_POINT('',(0.,15.,13.));
#2620=CARTESIAN_POINT('',(5.,0.,13.));
#2621=CARTESIAN_POINT('Origin',(5.,5.,13.));
#2622=CARTESIAN_POINT('',(66.,0.,13.));
#2623=CARTESIAN_POINT('',(5.,0.,13.));
#2624=CARTESIAN_POINT('',(71.,5.,13.));
#2625=CARTESIAN_POINT('Origin',(66.,5.,13.));
#2626=CARTESIAN_POINT('',(71.,5.,13.));
#2627=CARTESIAN_POINT('',(20.5,10.,13.));
#2628=CARTESIAN_POINT('Origin',(23.5,10.,13.));
#2629=CARTESIAN_POINT('',(36.5,10.,13.));
#2630=CARTESIAN_POINT('Origin',(39.5,10.,13.));
#2631=CARTESIAN_POINT('',(52.5,10.,13.));
#2632=CARTESIAN_POINT('Origin',(55.5,10.,13.));
#2633=CARTESIAN_POINT('',(44.5,10.,13.));
#2634=CARTESIAN_POINT('Origin',(47.5,10.,13.));
#2635=CARTESIAN_POINT('',(28.5,10.,13.));
#2636=CARTESIAN_POINT('Origin',(31.5,10.,13.));
#2637=CARTESIAN_POINT('Origin',(23.5,10.,12.75));
#2638=CARTESIAN_POINT('',(20.75,10.,12.75));
#2639=CARTESIAN_POINT('Origin',(31.5,10.,12.75));
#2640=CARTESIAN_POINT('',(28.75,10.,12.75));
#2641=CARTESIAN_POINT('Origin',(39.5,10.,12.75));
#2642=CARTESIAN_POINT('',(36.75,10.,12.75));
#2643=CARTESIAN_POINT('Origin',(47.5,10.,12.75));
#2644=CARTESIAN_POINT('',(44.75,10.,12.75));
#2645=CARTESIAN_POINT('Origin',(55.5,10.,12.75));
#2646=CARTESIAN_POINT('',(52.75,10.,12.75));
#2647=CARTESIAN_POINT('Origin',(64.,7.,0.));
#2648=CARTESIAN_POINT('',(64.5,7.,11.5));
#2649=CARTESIAN_POINT('',(64.5,7.,0.));
#2650=CARTESIAN_POINT('Origin',(64.,7.,11.5));
#2651=CARTESIAN_POINT('Origin',(64.5,7.,0.));
#2652=CARTESIAN_POINT('',(64.5,13.,11.5));
#2653=CARTESIAN_POINT('',(64.5,13.,0.));
#2654=CARTESIAN_POINT('',(64.5,7.,11.5));
#2655=CARTESIAN_POINT('Origin',(64.,13.,0.));
#2656=CARTESIAN_POINT('',(64.,13.5,11.5));
#2657=CARTESIAN_POINT('',(64.,13.5,0.));
#2658=CARTESIAN_POINT('Origin',(64.,13.,11.5));
#2659=CARTESIAN_POINT('Origin',(7.,7.,0.));
#2660=CARTESIAN_POINT('',(6.5,7.,11.5));
#2661=CARTESIAN_POINT('Origin',(7.,7.,11.5));
#2662=CARTESIAN_POINT('',(6.5,7.,0.));
#2663=CARTESIAN_POINT('Origin',(6.5,13.,0.));
#2664=CARTESIAN_POINT('',(6.5,13.,11.5));
#2665=CARTESIAN_POINT('',(6.5,13.,11.5));
#2666=CARTESIAN_POINT('',(6.5,13.,0.));
#2667=CARTESIAN_POINT('Origin',(7.,13.,0.));
#2668=CARTESIAN_POINT('',(7.,13.5,11.5));
#2669=CARTESIAN_POINT('Origin',(7.,13.,11.5));
#2670=CARTESIAN_POINT('',(7.,13.5,0.));
#2671=CARTESIAN_POINT('Origin',(64.,13.5,0.));
#2672=CARTESIAN_POINT('',(64.,13.5,11.5));
#2673=CARTESIAN_POINT('Origin',(5.,20.,13.));
#2674=CARTESIAN_POINT('',(66.,20.,11.5));
#2675=CARTESIAN_POINT('',(66.,20.,13.));
#2676=CARTESIAN_POINT('',(5.,20.,11.5));
#2677=CARTESIAN_POINT('',(66.,20.,11.5));
#2678=CARTESIAN_POINT('',(5.,20.,13.));
#2679=CARTESIAN_POINT('Origin',(5.,15.,13.));
#2680=CARTESIAN_POINT('',(0.,15.,11.5));
#2681=CARTESIAN_POINT('Origin',(5.,15.,11.5));
#2682=CARTESIAN_POINT('',(0.,15.,13.));
#2683=CARTESIAN_POINT('Origin',(0.,5.,13.));
#2684=CARTESIAN_POINT('',(0.,5.,11.5));
#2685=CARTESIAN_POINT('',(0.,15.,11.5));
#2686=CARTESIAN_POINT('',(0.,5.,13.));
#2687=CARTESIAN_POINT('Origin',(5.,5.,13.));
#2688=CARTESIAN_POINT('',(5.,0.,11.5));
#2689=CARTESIAN_POINT('Origin',(5.,5.,11.5));
#2690=CARTESIAN_POINT('',(5.,0.,13.));
#2691=CARTESIAN_POINT('Origin',(66.,0.,13.));
#2692=CARTESIAN_POINT('',(66.,0.,11.5));
#2693=CARTESIAN_POINT('',(5.,0.,11.5));
#2694=CARTESIAN_POINT('',(66.,0.,13.));
#2695=CARTESIAN_POINT('Origin',(66.,5.,13.));
#2696=CARTESIAN_POINT('',(71.,5.,11.5));
#2697=CARTESIAN_POINT('Origin',(66.,5.,11.5));
#2698=CARTESIAN_POINT('',(71.,5.,13.));
#2699=CARTESIAN_POINT('Origin',(71.,15.,13.));
#2700=CARTESIAN_POINT('',(71.,15.,11.5));
#2701=CARTESIAN_POINT('',(71.,5.,11.5));
#2702=CARTESIAN_POINT('',(71.,15.,13.));
#2703=CARTESIAN_POINT('Origin',(66.,15.,13.));
#2704=CARTESIAN_POINT('Origin',(66.,15.,11.5));
#2705=CARTESIAN_POINT('Origin',(35.5,10.,11.5));
#2706=CARTESIAN_POINT('Origin',(71.,5.,0.));
#2707=CARTESIAN_POINT('',(71.,15.,0.));
#2708=CARTESIAN_POINT('',(71.,5.,0.));
#2709=CARTESIAN_POINT('Origin',(66.,5.,0.));
#2710=CARTESIAN_POINT('Origin',(5.,5.,0.));
#2711=CARTESIAN_POINT('',(0.,5.,0.));
#2712=CARTESIAN_POINT('Origin',(0.,15.,0.));
#2713=CARTESIAN_POINT('',(0.,15.,0.));
#2714=CARTESIAN_POINT('Origin',(5.,15.,0.));
#2715=CARTESIAN_POINT('',(5.,20.,0.));
#2716=CARTESIAN_POINT('Origin',(66.,20.,0.));
#2717=CARTESIAN_POINT('',(66.,20.,0.));
#2718=CARTESIAN_POINT('Origin',(66.,15.,0.));
#2719=CARTESIAN_POINT('Origin',(33.5,7.5,-0.75));
#2720=CARTESIAN_POINT('',(33.5,7.,0.));
#2721=CARTESIAN_POINT('',(34.,7.5,0.));
#2722=CARTESIAN_POINT('Origin',(33.5,7.5,0.));
#2723=CARTESIAN_POINT('',(34.,7.5,-1.5));
#2724=CARTESIAN_POINT('',(34.,7.5,-0.75));
#2725=CARTESIAN_POINT('',(33.5,7.,-1.5));
#2726=CARTESIAN_POINT('Origin',(33.5,7.5,-1.5));
#2727=CARTESIAN_POINT('',(33.5,7.,-0.75));
#2728=CARTESIAN_POINT('Origin',(34.,6.50000020084174,-1.5));
#2729=CARTESIAN_POINT('',(34.,13.0000002008417,0.));
#2730=CARTESIAN_POINT('',(34.,6.50000020084174,0.));
#2731=CARTESIAN_POINT('',(34.,13.0000002008417,-1.5));
#2732=CARTESIAN_POINT('',(34.,13.,-0.75));
#2733=CARTESIAN_POINT('',(34.,6.50000020084174,-1.5));
#2734=CARTESIAN_POINT('Origin',(37.5,7.5,0.));
#2735=CARTESIAN_POINT('',(37.5,7.,-1.5));
#2736=CARTESIAN_POINT('',(37.,7.5,-1.5));
#2737=CARTESIAN_POINT('Origin',(37.5,7.5,-1.5));
#2738=CARTESIAN_POINT('',(37.,7.5,0.));
#2739=CARTESIAN_POINT('',(37.,7.5,0.));
#2740=CARTESIAN_POINT('',(37.5,7.,0.));
#2741=CARTESIAN_POINT('Origin',(37.5,7.5,0.));
#2742=CARTESIAN_POINT('',(37.5,7.,0.));
#2743=CARTESIAN_POINT('Origin',(37.,6.50000020084174,0.));
#2744=CARTESIAN_POINT('',(37.,13.0000002008417,-1.5));
#2745=CARTESIAN_POINT('',(37.,6.50000020084174,-1.5));
#2746=CARTESIAN_POINT('',(37.,13.0000002008417,0.));
#2747=CARTESIAN_POINT('',(37.,13.,0.));
#2748=CARTESIAN_POINT('',(37.,6.50000020084174,0.));
#2749=CARTESIAN_POINT('Origin',(55.5,13.,0.));
#2750=CARTESIAN_POINT('',(15.5,13.,0.));
#2751=CARTESIAN_POINT('',(55.5,13.,0.));
#2752=CARTESIAN_POINT('',(15.5,13.,-1.5));
#2753=CARTESIAN_POINT('',(15.5,13.,0.));
#2754=CARTESIAN_POINT('',(55.5,13.,-1.5));
#2755=CARTESIAN_POINT('Origin',(15.5,7.,0.));
#2756=CARTESIAN_POINT('',(55.5,7.,0.));
#2757=CARTESIAN_POINT('',(15.5,7.,0.));
#2758=CARTESIAN_POINT('',(55.5,7.,-1.5));
#2759=CARTESIAN_POINT('',(55.5,7.,0.));
#2760=CARTESIAN_POINT('',(15.5,7.,-1.5));
#2761=CARTESIAN_POINT('Origin',(37.,6.00000020084174,0.));
#2762=CARTESIAN_POINT('',(37.5,6.00000020084174,0.));
#2763=CARTESIAN_POINT('',(37.,6.50000020084174,0.));
#2764=CARTESIAN_POINT('Origin',(37.,6.00000020084174,0.));
#2765=CARTESIAN_POINT('',(37.,6.50000020084174,-1.5));
#2766=CARTESIAN_POINT('',(37.,6.50000020084174,0.));
#2767=CARTESIAN_POINT('',(37.5,6.00000020084174,-1.5));
#2768=CARTESIAN_POINT('Origin',(37.,6.00000020084174,-1.5));
#2769=CARTESIAN_POINT('',(37.5,6.00000020084174,0.));
#2770=CARTESIAN_POINT('Origin',(33.5,6.50000020084174,0.));
#2771=CARTESIAN_POINT('',(34.,6.50000020084174,0.));
#2772=CARTESIAN_POINT('',(34.5,6.50000020084174,0.));
#2773=CARTESIAN_POINT('',(34.,6.50000020084174,-1.5));
#2774=CARTESIAN_POINT('',(34.,6.50000020084174,0.));
#2775=CARTESIAN_POINT('',(34.5,6.50000020084174,-1.5));
#2776=CARTESIAN_POINT('Origin',(34.,6.00000020084174,0.));
#2777=CARTESIAN_POINT('',(33.5,6.00000020084174,0.));
#2778=CARTESIAN_POINT('Origin',(34.,6.00000020084174,0.));
#2779=CARTESIAN_POINT('',(33.5,6.00000020084174,-1.5));
#2780=CARTESIAN_POINT('',(33.5,6.00000020084174,0.));
#2781=CARTESIAN_POINT('Origin',(34.,6.00000020084174,-1.5));
#2782=CARTESIAN_POINT('Origin',(33.5,2.00841736575086E-7,0.));
#2783=CARTESIAN_POINT('',(33.5,2.00841736575086E-7,0.));
#2784=CARTESIAN_POINT('',(33.5,5.0000001506313,0.));
#2785=CARTESIAN_POINT('',(33.5,2.00841736575086E-7,-1.5));
#2786=CARTESIAN_POINT('',(33.5,2.00841736369559E-7,0.));
#2787=CARTESIAN_POINT('',(33.5,5.0000001506313,-1.5));
#2788=CARTESIAN_POINT('Origin',(37.5,6.50000020084174,0.));
#2789=CARTESIAN_POINT('',(37.5,2.00841736575086E-7,-1.5));
#2790=CARTESIAN_POINT('',(37.5,8.2500001506313,-1.5));
#2791=CARTESIAN_POINT('',(37.5,2.00841736369559E-7,0.));
#2792=CARTESIAN_POINT('',(37.5,2.00841736575086E-7,0.));
#2793=CARTESIAN_POINT('',(37.5,8.2500001506313,0.));
#2794=CARTESIAN_POINT('Origin',(81.,2.00841736369559E-7,0.));
#2795=CARTESIAN_POINT('',(5.,0.,0.));
#2796=CARTESIAN_POINT('',(81.,2.00841736369559E-7,0.));
#2797=CARTESIAN_POINT('',(5.,0.,0.5));
#2798=CARTESIAN_POINT('',(5.,0.,0.));
#2799=CARTESIAN_POINT('',(-10.,2.0084173435464E-7,0.5));
#2800=CARTESIAN_POINT('',(81.,2.00841736369559E-7,0.5));
#2801=CARTESIAN_POINT('',(-10.,2.0084173435464E-7,-1.5));
#2802=CARTESIAN_POINT('',(-10.,2.0084173435464E-7,0.));
#2803=CARTESIAN_POINT('',(81.,2.00841736369559E-7,-1.5));
#2804=CARTESIAN_POINT('Origin',(81.,2.00841736369559E-7,0.));
#2805=CARTESIAN_POINT('',(81.,2.00841736575086E-7,-1.5));
#2806=CARTESIAN_POINT('',(81.,2.00841736369559E-7,-1.5));
#2807=CARTESIAN_POINT('',(81.,2.00841736575086E-7,0.5));
#2808=CARTESIAN_POINT('',(81.,2.00841736575086E-7,0.));
#2809=CARTESIAN_POINT('',(66.,0.,0.5));
#2810=CARTESIAN_POINT('',(81.,2.00841736369559E-7,0.5));
#2811=CARTESIAN_POINT('',(66.,0.,0.));
#2812=CARTESIAN_POINT('',(66.,0.,0.));
#2813=CARTESIAN_POINT('',(81.,2.00841736369559E-7,0.));
#2814=CARTESIAN_POINT('Origin',(35.5,10.0000001004209,-1.5));
#2815=CARTESIAN_POINT('',(-15.,5.00000020084173,-1.5));
#2816=CARTESIAN_POINT('Origin',(-10.,5.00000020084173,-1.5));
#2817=CARTESIAN_POINT('',(-15.,15.0000002008417,-1.5));
#2818=CARTESIAN_POINT('',(-15.,5.00000020084173,-1.5));
#2819=CARTESIAN_POINT('',(-10.,20.0000002008417,-1.5));
#2820=CARTESIAN_POINT('Origin',(-10.,15.0000002008417,-1.5));
#2821=CARTESIAN_POINT('',(81.,20.0000002008417,-1.5));
#2822=CARTESIAN_POINT('',(-10.,20.0000002008417,-1.5));
#2823=CARTESIAN_POINT('',(86.,15.0000002008417,-1.5));
#2824=CARTESIAN_POINT('Origin',(81.,15.0000002008417,-1.5));
#2825=CARTESIAN_POINT('',(86.,5.00000020084175,-1.5));
#2826=CARTESIAN_POINT('',(86.,15.0000002008417,-1.5));
#2827=CARTESIAN_POINT('Origin',(81.,5.00000020084175,-1.5));
#2828=CARTESIAN_POINT('',(15.5,7.,-1.5));
#2829=CARTESIAN_POINT('Origin',(15.5,10.,-1.5));
#2830=CARTESIAN_POINT('',(15.5,7.,-1.5));
#2831=CARTESIAN_POINT('',(55.5,13.,-1.5));
#2832=CARTESIAN_POINT('Origin',(55.5,10.,-1.5));
#2833=CARTESIAN_POINT('',(55.5,13.,-1.5));
#2834=CARTESIAN_POINT('',(-10.0000000372529,10.0000002008417,-1.5));
#2835=CARTESIAN_POINT('Origin',(-7.5,10.0000002008417,-1.5));
#2836=CARTESIAN_POINT('',(75.9999999627471,10.0000002008417,-1.5));
#2837=CARTESIAN_POINT('Origin',(78.5,10.0000002008417,-1.5));
#2838=CARTESIAN_POINT('Origin',(66.,5.,0.));
#2839=CARTESIAN_POINT('',(71.,5.,0.));
#2840=CARTESIAN_POINT('Origin',(66.,5.,0.));
#2841=CARTESIAN_POINT('',(71.,5.,0.5));
#2842=CARTESIAN_POINT('Origin',(66.,5.,0.5));
#2843=CARTESIAN_POINT('',(71.,5.,0.));
#2844=CARTESIAN_POINT('Origin',(71.,15.,0.));
#2845=CARTESIAN_POINT('',(71.,15.,0.));
#2846=CARTESIAN_POINT('',(71.,12.5000000502104,0.));
#2847=CARTESIAN_POINT('',(71.,15.,0.5));
#2848=CARTESIAN_POINT('',(71.,15.,0.5));
#2849=CARTESIAN_POINT('',(71.,15.,0.));
#2850=CARTESIAN_POINT('Origin',(66.,15.,0.));
#2851=CARTESIAN_POINT('',(66.,20.,0.));
#2852=CARTESIAN_POINT('Origin',(66.,15.,0.));
#2853=CARTESIAN_POINT('',(66.,20.,0.5));
#2854=CARTESIAN_POINT('Origin',(66.,15.,0.5));
#2855=CARTESIAN_POINT('',(66.,20.,0.));
#2856=CARTESIAN_POINT('Origin',(76.,10.0000001004209,0.5));
#2857=CARTESIAN_POINT('',(86.,5.00000020084175,0.5));
#2858=CARTESIAN_POINT('Origin',(81.,5.00000020084175,0.5));
#2859=CARTESIAN_POINT('',(86.,15.0000002008417,0.5));
#2860=CARTESIAN_POINT('',(86.,15.0000002008417,0.5));
#2861=CARTESIAN_POINT('',(81.,20.0000002008417,0.5));
#2862=CARTESIAN_POINT('Origin',(81.,15.0000002008417,0.5));
#2863=CARTESIAN_POINT('',(-10.,20.0000002008417,0.5));
#2864=CARTESIAN_POINT('',(75.9999999627471,10.0000002008417,0.5));
#2865=CARTESIAN_POINT('Origin',(78.5,10.0000002008417,0.5));
#2866=CARTESIAN_POINT('Origin',(5.,15.,0.));
#2867=CARTESIAN_POINT('',(5.,20.,0.));
#2868=CARTESIAN_POINT('',(0.,15.,0.));
#2869=CARTESIAN_POINT('Origin',(5.,15.,0.));
#2870=CARTESIAN_POINT('',(5.,20.,0.5));
#2871=CARTESIAN_POINT('',(5.,20.,0.));
#2872=CARTESIAN_POINT('',(0.,15.,0.5));
#2873=CARTESIAN_POINT('Origin',(5.,15.,0.5));
#2874=CARTESIAN_POINT('',(0.,15.,0.));
#2875=CARTESIAN_POINT('Origin',(0.,5.,0.));
#2876=CARTESIAN_POINT('',(0.,5.,0.));
#2877=CARTESIAN_POINT('',(0.,7.50000005021044,0.));
#2878=CARTESIAN_POINT('',(0.,5.,0.5));
#2879=CARTESIAN_POINT('',(0.,5.,0.5));
#2880=CARTESIAN_POINT('',(0.,5.,0.));
#2881=CARTESIAN_POINT('Origin',(5.,5.,0.));
#2882=CARTESIAN_POINT('Origin',(5.,5.,0.));
#2883=CARTESIAN_POINT('Origin',(5.,5.,0.5));
#2884=CARTESIAN_POINT('Origin',(-5.,10.0000001004209,0.5));
#2885=CARTESIAN_POINT('',(-10.,20.0000002008417,0.5));
#2886=CARTESIAN_POINT('',(-15.,15.0000002008417,0.5));
#2887=CARTESIAN_POINT('Origin',(-10.,15.0000002008417,0.5));
#2888=CARTESIAN_POINT('',(-15.,5.00000020084173,0.5));
#2889=CARTESIAN_POINT('',(-15.,5.00000020084173,0.5));
#2890=CARTESIAN_POINT('Origin',(-10.,5.00000020084173,0.5));
#2891=CARTESIAN_POINT('',(-10.,20.0000002008417,0.5));
#2892=CARTESIAN_POINT('',(-10.0000000372529,10.0000002008417,0.5));
#2893=CARTESIAN_POINT('Origin',(-7.5,10.0000002008417,0.5));
#2894=CARTESIAN_POINT('Origin',(-7.5,10.0000002008417,0.));
#2895=CARTESIAN_POINT('',(-10.0000000372529,10.0000002008417,0.));
#2896=CARTESIAN_POINT('Origin',(55.5,13.,0.));
#2897=CARTESIAN_POINT('',(55.5,13.,0.));
#2898=CARTESIAN_POINT('',(55.5,13.,0.));
#2899=CARTESIAN_POINT('',(55.5,13.,0.));
#2900=CARTESIAN_POINT('Origin',(55.5,10.,0.));
#2901=CARTESIAN_POINT('Origin',(55.5,10.,0.));
#2902=CARTESIAN_POINT('Origin',(15.5,7.,0.));
#2903=CARTESIAN_POINT('',(15.5,7.,0.));
#2904=CARTESIAN_POINT('',(15.5,7.,0.));
#2905=CARTESIAN_POINT('',(15.5,7.,0.));
#2906=CARTESIAN_POINT('Origin',(15.5,10.,0.));
#2907=CARTESIAN_POINT('Origin',(15.5,10.,0.));
#2908=CARTESIAN_POINT('Origin',(78.5,10.0000002008417,0.));
#2909=CARTESIAN_POINT('',(75.9999999627471,10.0000002008417,0.));
#2910=CARTESIAN_POINT('Origin',(-15.,5.00000020084173,0.));
#2911=CARTESIAN_POINT('',(-15.,15.0000002008417,0.));
#2912=CARTESIAN_POINT('',(-15.,5.00000020084173,0.));
#2913=CARTESIAN_POINT('Origin',(-10.,5.00000020084173,0.));
#2914=CARTESIAN_POINT('Origin',(81.,5.00000020084175,0.));
#2915=CARTESIAN_POINT('',(86.,5.00000020084175,0.));
#2916=CARTESIAN_POINT('Origin',(86.,15.0000002008417,0.));
#2917=CARTESIAN_POINT('',(86.,15.0000002008417,0.));
#2918=CARTESIAN_POINT('Origin',(81.,15.0000002008417,0.));
#2919=CARTESIAN_POINT('',(81.,20.0000002008417,0.));
#2920=CARTESIAN_POINT('Origin',(-10.,20.0000002008417,0.));
#2921=CARTESIAN_POINT('',(-10.,20.0000002008417,0.));
#2922=CARTESIAN_POINT('',(-10.,20.0000002008417,0.));
#2923=CARTESIAN_POINT('Origin',(-10.,15.0000002008417,0.));
#2924=CARTESIAN_POINT('Origin',(35.5,10.0000001004209,0.));
#2925=UNCERTAINTY_MEASURE_WITH_UNIT(LENGTH_MEASURE(0.01),#2929,
'DISTANCE_ACCURACY_VALUE',
'Maximum model space distance between geometric entities at asserted c
onnectivities');
#2926=UNCERTAINTY_MEASURE_WITH_UNIT(LENGTH_MEASURE(0.01),#2929,
'DISTANCE_ACCURACY_VALUE',
'Maximum model space distance between geometric entities at asserted c
onnectivities');
#2927=(
GEOMETRIC_REPRESENTATION_CONTEXT(3)
GLOBAL_UNCERTAINTY_ASSIGNED_CONTEXT((#2925))
GLOBAL_UNIT_ASSIGNED_CONTEXT((#2929,#2931,#2932))
REPRESENTATION_CONTEXT('','3D')
);
#2928=(
GEOMETRIC_REPRESENTATION_CONTEXT(3)
GLOBAL_UNCERTAINTY_ASSIGNED_CONTEXT((#2926))
GLOBAL_UNIT_ASSIGNED_CONTEXT((#2929,#2931,#2932))
REPRESENTATION_CONTEXT('','3D')
);
#2929=(
LENGTH_UNIT()
NAMED_UNIT(*)
SI_UNIT(.MILLI.,.METRE.)
);
#2930=(
LENGTH_UNIT()
NAMED_UNIT(*)
SI_UNIT($,.METRE.)
);
#2931=(
NAMED_UNIT(*)
PLANE_ANGLE_UNIT()
SI_UNIT($,.RADIAN.)
);
#2932=(
NAMED_UNIT(*)
SI_UNIT($,.STERADIAN.)
SOLID_ANGLE_UNIT()
);
#2933=SHAPE_DEFINITION_REPRESENTATION(#2934,#2935);
#2934=PRODUCT_DEFINITION_SHAPE('',$,#2937);
#2935=SHAPE_REPRESENTATION('',(#1723),#2927);
#2936=PRODUCT_DEFINITION_CONTEXT('part definition',#2941,'design');
#2937=PRODUCT_DEFINITION('pickup_bobin','pickup_bobin v11',#2938,#2936);
#2938=PRODUCT_DEFINITION_FORMATION('',$,#2943);
#2939=PRODUCT_RELATED_PRODUCT_CATEGORY('pickup_bobin v11',
'pickup_bobin v11',(#2943));
#2940=APPLICATION_PROTOCOL_DEFINITION('international standard',
'automotive_design',2009,#2941);
#2941=APPLICATION_CONTEXT(
'Core Data for Automotive Mechanical Design Process');
#2942=PRODUCT_CONTEXT('part definition',#2941,'mechanical');
#2943=PRODUCT('pickup_bobin','pickup_bobin v11',$,(#2942));
#2944=PRESENTATION_STYLE_ASSIGNMENT((#2945));
#2945=SURFACE_STYLE_USAGE(.BOTH.,#2946);
#2946=SURFACE_SIDE_STYLE('',(#2947));
#2947=SURFACE_STYLE_FILL_AREA(#2948);
#2948=FILL_AREA_STYLE('Steel - Satin',(#2949));
#2949=FILL_AREA_STYLE_COLOUR('Steel - Satin',#2950);
#2950=COLOUR_RGB('Steel - Satin',0.627450980392157,0.627450980392157,0.627450980392157);
ENDSEC;
END-ISO-10303-21;
